"account_number","site_number","legal_name","doing_business_as_name","address","license_description","license_number","expiration_date","latitude","longitude"
"349928","1","RDK VENTURES LLC","CIRCLE K # 6711","801 - 809 W ADDISON ST 1","Filling Station","2013751","2028-09-15T00:00:00.000","41.9472070912","-87.6495530007"
"349928","4","RDK VENTURES LLC","CIRCLE K #6735","1160 W DIVERSEY PKWY 1","Filling Station","2013765","2028-09-15T00:00:00.000","41.9326744181","-87.6582286885"
"356099","1","MUTLI-PARK CHICAGO, INC.","MUTLI-PARK CHICAGO, INC.","635-645 S WABASH AVE 1 1","Commercial Garage","2054408","2028-09-15T00:00:00.000","41.8736695857","-87.6258318022"
"312261","1","MILLENNIUM PARK LIVING, INC.","MILLENNIUM PARK LIVING INC","155 N MICHIGAN AVE","Commercial Garage","1771541","2028-09-15T00:00:00.000","41.8846362492","-87.6243138872"
"373032","1","77 West Wacker Drive, L.L.C.","77 West Wacker Drive, L.L.C.","77 W WACKER DR 40 4050","Commercial Garage","2575170","2028-09-15T00:00:00.000","41.886707738","-87.6307945778"
"349928","2","RDK VENTURES LLC","CIRCLE K # 6736","346 - 350 W CHICAGO AVE 1","Filling Station","2013756","2028-09-15T00:00:00.000","41.8966553711","-87.6375075014"
"349928","3","RDK VENTURES LLC","CIRCLE K #6765","1160 W VAN BUREN ST 1","Filling Station","2013760","2028-09-15T00:00:00.000","41.8766296724","-87.6569748623"
"488001","1","UNION PARKING, LLC","UNION PARKING, LLC","1371 W RANDOLPH ST","Commercial Garage","2862806","2028-08-15T00:00:00.000","41.8840657883","-87.6615656779"
"218977","1","PAK PETROLEUM OF CHICAGO, INC.","ZUBAIR'S BP","603 S INDEPENDENCE BLVD","Filling Station","1171063","2028-08-15T00:00:00.000","41.8734120329","-87.7196023246"
"246876","1","M & S GAS AND FOOD, INC.","GOLO","3731 W ROOSEVELT RD","Filling Station","1245774","2028-08-15T00:00:00.000","41.8661421024","-87.7191899412"
"508618","1","KKDD LLC","KKDD LLC","1-7 W HURON ST","Commercial Garage","2977691","2028-08-15T00:00:00.000","41.8947651539","-87.6282290571"
"428843","6","MODERN PARKING SERVICES, LLC","MODERN PARKING SERVICES","430 S CLARK ST","Commercial Garage","2912023","2028-08-15T00:00:00.000","41.8762445585","-87.6308769485"
"85443","314","ABM INDUSTRY GROUPS, LLC","ABM Industry Groups, LLC","1445 N STATE PKWY B2, B1, 1 AND 2","Commercial Garage","2957020","2027-06-15T00:00:00.000","41.9090753639","-87.6286729015"
"63376","68","INTERPARK LLC","INTERPARK","318 S FEDERAL ST  ENCLO","Commercial Garage","22219","2028-07-15T00:00:00.000","41.8776262409","-87.6298619712"
"63376","160","INTERPARK LLC","INTERPARK","181 N CLARK ST","Commercial Garage","1676076","2028-07-15T00:00:00.000","41.8852537981","-87.6308156141"
"63376","109","INTERPARK LLC","INTERPARK","516 N RUSH ST","Commercial Garage","1739582","2028-07-15T00:00:00.000","41.891525359","-87.6255196638"
"63376","28","INTERPARK LLC","INTERPARK","222 W MERCHANDISE MART PLZ  OUT","Commercial Garage","2575004","2028-07-15T00:00:00.000","41.8880742811","-87.6349552029"
"63376","103","INTERPARK LLC","INTERPARKING","60 E LAKE ST # 1","Commercial Garage","22278","2028-07-15T00:00:00.000","41.8858384518","-87.6258416456"
"63376","191","INTERPARK LLC","INTERPARK","230 W WASHINGTON ST 1","Commercial Garage","2183666","2028-07-15T00:00:00.000","41.8833178599","-87.6347690946"
"63376","100","INTERPARK LLC","INTERPARK","326 S WELLS ST 1ST","Commercial Garage","22273","2028-07-15T00:00:00.000","41.877459033","-87.6338560441"
"63376","178","INTERPARK LLC","INTERPARK","217 W WASHINGTON ST 1ST - 12TH","Commercial Garage","2008720","2028-07-15T00:00:00.000","41.8831000298","-87.6343782452"
"63376","148","INTERPARK LLC","ONTARIO ST. CLAIR SELF PARK","165 E ONTARIO ST","Commercial Garage","1547886","2028-07-15T00:00:00.000","41.8932512463","-87.6227918441"
"63376","198","INTERPARK LLC","INTERPARK","301 W LAKE ST 1-12","Commercial Garage","2385682","2028-07-15T00:00:00.000","41.8856267354","-87.6354834612"
"63376","6","INTERPARK LLC","INTERPARK","319 W RANDOLPH ST  1","Commercial Garage","22280","2028-07-15T00:00:00.000","41.8843540892","-87.6359386365"
"63376","63","INTERPARK LLC","INTERPARK","527 W KINZIE ST  NOT E","Commercial Garage","22207","2028-07-15T00:00:00.000","41.8889643979","-87.6408246905"
"63376","196","INTERPARK LLC","INTERPARK","430 N RUSH ST 1","Commercial Garage","2368235","2028-07-15T00:00:00.000","41.890143557","-87.6254615766"
"63376","83","INTERPARK LLC","INTERPARK","20 S CLARK ST  ENCLO","Commercial Garage","22242","2028-07-15T00:00:00.000","41.8814794944","-87.6310149498"
"63376","162","INTERPARK LLC","INTERPARK","20 E RANDOLPH ST","Commercial Garage","1697042","2028-07-15T00:00:00.000","41.8846028549","-87.6271869402"
"63376","193","INTERPARK LLC","INTERPARK","200 W RANDOLPH ST LL-7","Commercial Garage","2293649","2028-07-15T00:00:00.000","41.8845790459","-87.633969721"
"63376","205","INTERPARK LLC","SalesForce Tower","333 W WOLF POINT PLZ","Commercial Garage","3016007","2028-07-15T00:00:00.000","41.8878082854","-87.6375334796"
"63376","137","INTERPARK LLC","INTERPARK","203 N LA SALLE ST","Commercial Garage","1220988","2028-07-15T00:00:00.000","41.8858220479","-87.6323037351"
"63376","84","INTERPARK LLC","INTERPARK","437 N ORLEANS ST  1","Commercial Garage","22244","2028-07-15T00:00:00.000","41.8902024618","-87.6368469746"
"63376","48","INTERPARK LLC","INTERPARK","350 N ORLEANS ST  1","Commercial Garage","22250","2028-07-15T00:00:00.000","41.8887410381","-87.6370805406"
"63376","56","INTERPARK LLC","INTERPARK","750 N DEARBORN ST  ENCLO","Commercial Garage","22195","2028-07-15T00:00:00.000","41.8964117391","-87.6299177729"
"63376","133","INTERPARK LLC","INTERPARK","1000 N LAKE SHORE DR","Commercial Garage","1169765","2028-07-15T00:00:00.000","41.900752974","-87.6242349998"
"63376","140","INTERPARK LLC","INTERPARK","401 N WELLS ST","Commercial Garage","1227989","2028-07-15T00:00:00.000","41.8892152218","-87.6338644008"
"63376","167","INTERPARK LLC","INTERPARK","211 W ADAMS ST","Commercial Garage","1766879","2028-07-15T00:00:00.000","41.8792728388","-87.6341031984"
"63376","4","INTERPARK LLC","INTERPARK","10 E GRAND AVE  1","Commercial Garage","22283","2028-07-15T00:00:00.000","41.8917914631","-87.6276577412"
"63376","206","INTERPARK LLC","WMW Garage","172 W MADISON ST 2ND-13TH FLOOR","Commercial Garage","3036264","2028-07-15T00:00:00.000","41.8820621828","-87.6330391152"
"63376","138","INTERPARK LLC","INTERPARK","181 N DEARBORN ST","Commercial Garage","1220990","2028-07-15T00:00:00.000","41.8853504636","-87.629337393"
"63376","192","INTERPARK LLC","INTERPARK","155 N WACKER DR 1-2","Commercial Garage","2575008","2028-07-15T00:00:00.000","41.8846156171","-87.6366823578"
"63376","11","INTERPARK LLC","INTERPARK","177 N WELLS ST  ENCLO","Commercial Garage","22198","2028-07-15T00:00:00.000","41.8852571941","-87.633769796"
"63376","139","INTERPARK LLC","INTERPARK","17 E ADAMS ST","Commercial Garage","1220992","2028-07-15T00:00:00.000","41.879387334","-87.6270636524"
"63376","110","INTERPARK LLC","INTERPARK","345 N LA SALLE ST","Commercial Garage","1739942","2028-07-15T00:00:00.000","41.8886713589","-87.6323632479"
"63376","204","INTERPARK LLC","InterPark","855 W MADISON ST","Commercial Garage","2780587","2028-07-15T00:00:00.000","41.8816311369","-87.6495475985"
"324325","223","LAZ PARKING CHICAGO, LLC","LAZ PARKING","220 W ILLINOIS ST 1-6","Commercial Garage","3077866","2027-07-15T00:00:00.000","41.8908838178","-87.6349740862"
"527626","1","335 JAC CORP.","MARATHON","335 N OGDEN AVE","Filling Station","3086675","2028-07-15T00:00:00.000","41.8874660026","-87.6613909907"
"13934","4","A & A PARKING, INC.","A & A PARKING, INC.","3735 N CLARK ST 1ST","Commercial Garage","25840","2028-06-15T00:00:00.000","41.949894521","-87.6585108369"
"255173","1","CISSILY, INC.","ASHLAND ADDISON SHELL","3600 N ASHLAND AVE","Commercial Garage","1680523","2028-06-15T00:00:00.000","41.9470793702","-87.6690072991"
"255173","1","CISSILY, INC.","ASHLAND ADDISON SHELL","3600 N ASHLAND AVE","Filling Station","1301978","2028-06-15T00:00:00.000","41.9470793702","-87.6690072991"
"354002","34","METROPOLITAN 1, LLC","METROPOLITAN 1, LLC","325 W INSTITUTE PL","Commercial Garage","2762686","2028-06-15T00:00:00.000","41.8972770124","-87.6368344456"
"390160","1","KARAVITES RESTAURANT 6676, LLC","MCDONALD'S","600 N CLARK ST 1ST","Commercial Garage","2340988","2028-06-15T00:00:00.000","41.892464033","-87.6312948859"
"354002","18","METROPOLITAN 1, LLC","METROPOLITAN 1, LLC","151 - 157 W CHICAGO AVE","Commercial Garage","2350369","2028-06-15T00:00:00.000","41.8964975915","-87.6332299752"
"354002","38","METROPOLITAN 1, LLC","METROPOLITAN 1","17-19 W HUBBARD ST","Commercial Garage","2882385","2028-06-15T00:00:00.000","41.8899450166","-87.6286607468"
"354002","39","METROPOLITAN 1, LLC","METROPOLITAN 1","226 W HUBBARD ST 1","Commercial Garage","3052091","2028-06-15T00:00:00.000","41.8900769193","-87.6352078356"
"485227","1","2107 WESTERN INC.","BP","2107 S WESTERN AVE","Filling Station","2845482","2028-06-15T00:00:00.000","41.8536404521","-87.6855357912"
"321682","1","MURPHY'S PARKING, LLC","MURPHY'S PARKING, LLC","3650 - 54 N WILTON AVE","Commercial Garage","1846556","2028-06-15T00:00:00.000","41.9487463431","-87.6533113746"
"485948","1","STM 5 CORP.","SHELL","45 N WESTERN AVE","Filling Station","2850238","2028-06-15T00:00:00.000","41.8825116243","-87.6863244332"
"332182","61","VALET PARKING AUTHORITY LIMITED","VALET PARKING AUTHORITY","440 - 450 N LA SALLE DR 1ST","Commercial Garage","2476084","2028-06-15T00:00:00.000","41.8904019174","-87.6326998984"
"415295","1","NCR PARKING MANAGEMENT LLC","NCR PARKING MANAGEMENT LLC","110 E DELAWARE PL 2","Commercial Garage","2918385","2028-06-15T00:00:00.000","41.8992985777","-87.6255983853"
"485058","1","PYGMY SPEAR GARDEN LLC","PYGMY SPEAR GARDEN LLC","532 W ROSCOE ST","Commercial Garage","2845254","2028-06-15T00:00:00.000","41.9434488982","-87.6433134518"
"485057","1","PUNCH BOWL LLC","PUNCH BOWL LLC","2470 N CLARK ST","Commercial Garage","2845248","2028-06-15T00:00:00.000","41.9272784543","-87.6416538853"
"64237","3","WRIGLEYVILLE PARKING,  INC.","WRIGLEYVILLE PARKING INC","3455 N CLARK ST 1ST","Commercial Garage","41946","2028-06-15T00:00:00.000","41.9449236897","-87.6545078737"
"64237","1","WRIGLEYVILLE PARKING,  INC.","WRIGLEYVILLE PARK INC","1109 W ADDISON ST 1ST","Commercial Garage","41945","2028-06-15T00:00:00.000","41.9470572532","-87.6579147009"
"64237","6","WRIGLEYVILLE PARKING,  INC.","WRIGLEYVILLE PARKING, INC.","1126-1132 W EDDY ST","Commercial Garage","2841405","2028-06-15T00:00:00.000","41.9463693538","-87.6569919032"
"10726","5","GRAHAM ENTERPRISE INC","Rock N Roll BP (GEI-157)","631-647 N LA SALLE DR","Filling Station","2027540","2028-06-15T00:00:00.000","41.8932511985","-87.6324930122"
"3558","1","932 ADDISION LIQUORS INC.","ADDISON LIQUORS","932 W ADDISON ST 1ST","Commercial Garage","6113","2028-06-15T00:00:00.000","41.9473741186","-87.6531805895"
"85445","43","RED TOP PARKING, INC.","RED TOP PARKING INC","3701-3707 N SHEFFIELD AVE","Commercial Garage","1969049","2028-06-15T00:00:00.000","41.9491500019","-87.6542401854"
"85445","6","RED TOP PARKING, INC.","RED TOP PARKING INC","3701 N CLARK ST  OUT","Commercial Garage","5573","2028-06-15T00:00:00.000","41.9491234009","-87.6578903634"
"85445","5","RED TOP PARKING, INC.","RED TOP PARKING INC","3716 N SHEFFIELD AVE","Commercial Garage","5558","2028-06-15T00:00:00.000","41.9495857547","-87.6545472491"
"349503","3","CHICAGO CUBS BASEBALL CLUB, LLC","CHICAGO CUBS","1140 W EDDY ST 1ST","Commercial Garage","2009378","2028-06-15T00:00:00.000","41.9463618103","-87.6574847424"
"349503","8","CHICAGO CUBS BASEBALL CLUB, LLC","CHICAGO CUBS","3701-3709 N CLIFTON AVE 1ST","Commercial Garage","2574977","2028-06-15T00:00:00.000","41.949099559","-87.657370524"
"349503","5","CHICAGO CUBS BASEBALL CLUB, LLC","CHICAGO CUBS","1102 W WAVELAND AVE 1ST","Commercial Garage","2009390","2028-06-15T00:00:00.000","41.9491121271","-87.6569547957"
"63160","699","SP PLUS LLC","SP PLUS LLC","1201 N LA SALLE DR 4 & 5","Commercial Garage","3073274","2027-03-15T00:00:00.000","41.9039749278","-87.6327769437"
"63160","701","SP PLUS LLC","SP PLUS LLC","2700 N ELSTON AVE 1-4","Commercial Garage","3073646","2027-03-15T00:00:00.000","41.9304406838","-87.6855070945"
"63160","705","SP PLUS LLC","SP PLUS LLC","1701-1713 W WARREN BLVD","Commercial Garage","3078443","2027-03-15T00:00:00.000","41.8822349789","-87.6693721067"
"325535","2","ASHLAND COMMERCIAL, LLC","ASHLAND COMMERCIAL, LLC","1608 W ADAMS ST 2,3,4","Commercial Garage","1883320","2028-05-15T00:00:00.000","41.8789976956","-87.6671867377"
"3485","3","PROTECTED PARKING INC","Protected Parking Inc.","430 S CLINTON ST","Commercial Garage","3032001","2028-05-15T00:00:00.000","41.8758712588","-87.6411442437"
"16156","1","PLYMOUTH PARTNERS LP","PLYMOUTH PARTNERS LP","801-815 W VAN BUREN ST","Commercial Garage","42074","2028-05-15T00:00:00.000","41.8765610674","-87.6472576676"
"207671","35","PARK ONE, INC.","PARK ONE, INC.","600 S CLARK ST","Commercial Garage","2575506","2028-05-15T00:00:00.000","41.8744613835","-87.630820444"
"207671","10","PARK ONE, INC.","PARK ONE INC.","623 W MONROE ST","Commercial Garage","1887918","2028-05-15T00:00:00.000","41.8804249815","-87.6436547658"
"30850","1","ANSEMOSS & SONS INC","TONY'S BP","1004 S DESPLAINES ST  1ST","Filling Station","27729","2028-05-15T00:00:00.000","41.8695310894","-87.6438815301"
"63160","703","SP PLUS LLC","SP PLUS LLC","30 W HURON ST","Commercial Garage","3074113","2027-03-15T00:00:00.000","41.8949686732","-87.6293991787"
"63160","690","SP PLUS LLC","SP PLUS","8 E 9TH ST 2-9","Commercial Garage","3056660","2027-03-15T00:00:00.000","41.8706349908","-87.6272775301"
"465934","1","CUIC, LLC","Courtyard by Marriott Chicago at Medical District/UIC","625 S ASHLAND AVE 1-4","Commercial Garage","2712448","2028-04-15T00:00:00.000","41.8734345658","-87.6664336814"
"278094","2","BIJAN ZANUBI","BIJAN ZANUBI","3300 N SHEFFIELD AVE 1ST","Commercial Garage","2542024","2028-04-15T00:00:00.000","41.9418303335","-87.6543127749"
"482973","1","SACRAMENTO AMOCO INC.","AMOCO","2338 N SACRAMENTO AVE","Filling Station","2831209","2028-04-15T00:00:00.000","41.9244818411","-87.7024581888"
"483854","1","ONNI GRAND LIMITED PARTNERSHIP","LEVEL HOTELS & FURNISHED SUITES","369 W GRAND AVE 7-13","Commercial Garage","3010931","2028-04-15T00:00:00.000","41.8914193106","-87.6382213293"
"505406","1","ONNI 352 N UNION CHICAGO LLC","ONNI","354 N UNION AVE 5-16","Commercial Garage","3015607","2028-04-15T00:00:00.000","41.8885558393","-87.6459237783"
"63160","692","SP PLUS LLC","SP PLUS LLC","233 E ERIE ST 2 LEVEL BELOW","Commercial Garage","3065245","2027-03-15T00:00:00.000","41.8940631626","-87.6213958402"
"63160","700","SP PLUS LLC","SP PLUS LLC","2555 N CLARK ST LL,G, UL","Commercial Garage","3073631","2027-03-15T00:00:00.000","41.9292723531","-87.6425018778"
"63160","696","SP PLUS LLC","SP PLUS LLC","10-30 S WACKER DR BB1-4","Commercial Garage","3069300","2027-03-15T00:00:00.000","41.8817224568","-87.6371636182"
"63160","698","SP PLUS LLC","SP PLUS LLC","320 N SANGAMON ST","Commercial Garage","3073629","2027-03-15T00:00:00.000","41.8874187103","-87.6511741472"
"63160","702","SP PLUS LLC","SP PLUS LLC","1701-1707 W MADISON ST","Commercial Garage","3074067","2027-03-15T00:00:00.000","41.8813092594","-87.6693418251"
"63160","697","SP PLUS LLC","SP PLUS LLC","350 W BELDEN AVE","Commercial Garage","3069724","2027-03-15T00:00:00.000","41.9238949572","-87.6384954912"
"63160","695","SP PLUS LLC","SP PLUS LLC","525 W MONROE ST B1-B2","Commercial Garage","3069296","2027-03-15T00:00:00.000","41.8804631471","-87.6408038843"
"324325","210","LAZ PARKING CHICAGO, LLC","LAZ PARKING","345 W FULLERTON PKWY","Commercial Garage","3031883","2027-07-15T00:00:00.000","41.925516848","-87.6382218897"
"523213","1","SCJ GROUP INC.","SHELL","3159 W ADDISON ST","Filling Station","3065460","2028-04-15T00:00:00.000","41.9465219711","-87.70775808"
"512612","2","Parking in Chicago, LLC","PARKING IN CHICAGO","430 S JEFFERSON ST","Commercial Garage","3025781","2027-01-15T00:00:00.000","41.8758476264","-87.6426171771"
"480314","1","735 W. DIVISION L.L.C.","EXXON","735 W DIVISION ST 1 A","Filling Station","2814031","2028-03-15T00:00:00.000","41.9035379266","-87.6474235837"
"8348","37","CENTRAL PARKING SYSTEM LLC","CPS Parking","2155 S WENTWORTH AVE","Commercial Garage","1594269","2028-03-15T00:00:00.000","41.8529242143","-87.6316326061"
"259","57","JEWEL FOOD STORES, INC.","Jewel Food Store #3632","3630 N SOUTHPORT AVE 1ST AND 2ND FLOORS","Commercial Garage","2642350","2028-03-15T00:00:00.000","41.9480045508","-87.6641862307"
"8348","94","CENTRAL PARKING SYSTEM LLC","CENTRAL PARKING SYSTEM","1001 S WABASH AVE GROUND","Commercial Garage","1883413","2028-03-15T00:00:00.000","41.8698610776","-87.6257439173"
"63160","691","SP PLUS LLC","SP PLUS LLC","1700-1716 W MONROE ST","Commercial Garage","3056967","2027-03-15T00:00:00.000","41.8802357737","-87.6693111026"
"63160","694","SP PLUS LLC","SP PLUS","127 W HURON ST","Commercial Garage","3065243","2027-03-15T00:00:00.000","41.8947061837","-87.6324222917"
"63160","685","SP PLUS LLC","STANDARD PARKING","640 N WELLS ST","Commercial Garage","3046502","2027-03-15T00:00:00.000","41.8936584776","-87.6342703814"
"11539","11","PIONEER PARKING, INC.","PIONEER PARKING INC","2800 N LAKE SHORE DR 1-3","Commercial Garage","2575177","2028-02-15T00:00:00.000","41.9329024665","-87.6363731652"
"11539","7","PIONEER PARKING, INC.","PARKING","3440 N LAKE SHORE DR","Commercial Garage","2575174","2028-02-15T00:00:00.000","41.9447069053","-87.6413840931"
"482234","1","WALKOUT LLC","WALKOUT LLC","1245 W JACKSON BLVD","Commercial Garage","2827475","2028-02-15T00:00:00.000","41.8776509237","-87.6587981991"
"458432","2","BANANA GLADES LLC","BANANA GLADES, LLC","24 S MORGAN ST 1-3","Commercial Garage","2704394","2028-02-15T00:00:00.000","41.8809816443","-87.6521550941"
"11539","3","PIONEER PARKING, INC.","PIONEER PARKING INC","1340 N ASTOR ST # INDOO","Commercial Garage","28596","2028-02-15T00:00:00.000","41.9069903313","-87.627692922"
"359535","1","71 SOUTH  WACKER DRIVE  LLC","71 S. WACKER DR LLC","71 S WACKER DR  2200","Commercial Garage","2574937","2028-02-15T00:00:00.000","41.8807175753","-87.6365891074"
"11539","14","PIONEER PARKING, INC.","PIONEER PARKING INC.","190 E WALTON PL","Commercial Garage","2575179","2028-02-15T00:00:00.000","41.9001488395","-87.6222172814"
"11539","24","PIONEER PARKING, INC.","PIONEER PARKING, INC.","2909 N SHERIDAN RD","Commercial Garage","3010757","2028-02-15T00:00:00.000","41.9346504576","-87.6392123827"
"11539","6","PIONEER PARKING, INC.","PIONEER PARKING INC","3550 N LAKE SHORE DR","Commercial Garage","1169801","2028-02-15T00:00:00.000","41.9481304644","-87.643323857"
"11539","19","PIONEER PARKING, INC.","PIONEER PARKING","505 N LAKE SHORE DR BSM","Commercial Garage","2578940","2028-02-15T00:00:00.000","41.8912792935","-87.6141075333"
"11539","23","PIONEER PARKING, INC.","PIONEER PARKING","195 N HARBOR DR C-4","Commercial Garage","2992908","2028-02-15T00:00:00.000","41.8861772806","-87.6155996011"
"11539","9","PIONEER PARKING, INC.","PIONEER PARKING INC","3600 N LAKE SHORE DR BSMT, 1, 2, 3","Commercial Garage","2575176","2028-02-15T00:00:00.000","41.9486836744","-87.6436497585"
"11539","22","PIONEER PARKING, INC.","PIONEER PARKING","1440 N LAKE SHORE DR","Commercial Garage","2934414","2028-02-15T00:00:00.000","41.9089892016","-87.6261902339"
"11539","21","PIONEER PARKING, INC.","PIOOEER PARKING","1040 N LAKE SHORE DR 1ST","Commercial Garage","2671443","2028-02-15T00:00:00.000","41.9019859458","-87.6245366695"
"11539","16","PIONEER PARKING, INC.","PIONEER PARKING INC.","1325 N STATE PKWY LL-3","Commercial Garage","2522166","2028-02-15T00:00:00.000","41.9065982875","-87.6286258569"
"11539","8","PIONEER PARKING, INC.","PARKING","201 E CHESTNUT ST","Commercial Garage","2575175","2028-02-15T00:00:00.000","41.8983108869","-87.6217697908"
"6278","1","MAC PARKING, INC.","MAC PARKING, INC.","640 N LA SALLE DR # 285","Commercial Garage","13488","2028-02-15T00:00:00.000","41.8936078735","-87.6328005609"
"51465","3","EAST BANK CLUB VENTURE, INC","EAST BANK CLUB VENTURE","360 W HUBBARD ST  1ST","Commercial Garage","13939","2028-02-15T00:00:00.000","41.8900418344","-87.6378686388"
"242724","3","AKA PARKING INC","AKA PARKING, INC.","50 E BELLEVUE PL","Commercial Garage","2574943","2028-02-15T00:00:00.000","41.901697728","-87.6264728162"
"16326","1","CHICAGO OIL COMPANY, INC.","DOWNTOWN BP & SUBWAY","750 N WELLS ST 1ST","Filling Station","43808","2028-02-15T00:00:00.000","41.8963357343","-87.6343406345"
"494309","1","J LEE 500 LLC","J LEE 500 LLC","1800 S WENTWORTH AVE","Commercial Garage","2895588","2028-02-15T00:00:00.000","41.8577437509","-87.6320390628"
"51465","1","EAST BANK CLUB VENTURE, INC","EAST BANK CLUB VENTURE","361 W HUBBARD ST  1ST","Commercial Garage","13940","2028-02-15T00:00:00.000","41.8898211307","-87.6379643733"
"376257","1","OXFORD HOTELS AND RESORTS, LLC","THE GODFREY HOTEL CHICAGO","127 W HURON ST 1-16","Commercial Garage","2233061","2028-02-15T00:00:00.000","41.8947061837","-87.6324222917"
"320432","1","200 EAST DELAWARE CONDOMINIUM ASSOCIATION","200 EAST DELAWARE CONDOMINIUM ASSOCIATION","200 E DELAWARE PL BSMT, 1, 2","Commercial Garage","2574936","2028-01-15T00:00:00.000","41.8993547394","-87.6217913019"
"368226","1","K4M, INC.","MARATHON GAS","332-340 S SACRAMENTO BLVD 1ST","Filling Station","2129967","2028-01-15T00:00:00.000","41.8763532291","-87.7012248202"
"502535","1","DK CHESTNUT LLC","DK CHESTNUT LLC","863 N ORLEANS ST","Commercial Garage","2938935","2028-01-15T00:00:00.000","41.8983453205","-87.637092133"
"324325","219","LAZ PARKING CHICAGO, LLC","LAZ PARKING","2100 N LINCOLN PARK WEST  1ST & BSMT","Commercial Garage","3051539","2027-07-15T00:00:00.000","41.9202652637","-87.6365525035"
"324325","221","LAZ PARKING CHICAGO, LLC","LAZ PARKING","355 E OHIO ST 2ND -11","Commercial Garage","3057148","2027-07-15T00:00:00.000","41.8925247608","-87.6181338265"
"457380","12","SECURE PARKING USA, LLC","SECURE PARKING","10 E ONTARIO ST 1-4","Commercial Garage","3025475","2027-12-15T00:00:00.000","41.893388867","-87.6277024007"
"502992","1","WESTBOUND GAS AND FOOD LLC","BP","101-111 N WESTERN AVE","Filling Station","2943450","2027-12-15T00:00:00.000","41.8830406044","-87.6863387456"
"463563","1","CHICAGO AVE FUEL, INC.","BP","3153-3159 W CHICAGO AVE","Filling Station","2695104","2027-12-15T00:00:00.000","41.8954465562","-87.7062375407"
"267552","1","FARD ONE INCORPORATED","MIDWEST GAS","1721 S PAULINA ST","Filling Station","1404288","2027-12-15T00:00:00.000","41.8580378202","-87.6685162384"
"22427","1","THACHET CORPORATION","BP","1955 W CERMAK RD","Filling Station","75292","2027-12-15T00:00:00.000","41.8520711277","-87.6755622995"
"480596","1","DIVISION PETROLEUM INC.","MOBIL","1216-1236 N HALSTED ST 1 B","Filling Station","2817450","2027-12-15T00:00:00.000","41.9039020132","-87.6482552401"
"480823","1","KEDZIE FOOD & FUEL, INC.","BP","3202 W CERMAK RD","Filling Station","2817854","2027-12-15T00:00:00.000","41.8518730578","-87.7053867839"
"457380","11","SECURE PARKING USA, LLC","SECURE PARKING USA","350 E OHIO ST BASEMENT, FL 1-2","Commercial Garage","2961942","2027-12-15T00:00:00.000","41.8927416478","-87.6182881563"
"290116","1","1602 CERMAK, INC.","CERMAK BP","1602 W CERMAK RD","Filling Station","1593164","2027-12-15T00:00:00.000","41.8524363568","-87.6662289935"
"25051","2","MOUNT SINAI HOSPITAL MEDICAL CENTER OF CHICAGO","MOUNT SINAI HOSPITAL MEDICAL CENTER","2705 W 15TH ST","Commercial Garage","1847238","2027-12-15T00:00:00.000","41.860937298","-87.6936847078"
"63160","688","SP PLUS LLC","STANDARD PARKING","1612-1652 W MADISON ST","Commercial Garage","3046774","2027-03-15T00:00:00.000","41.8815595655","-87.6673393231"
"520318","1","2401 DIVERSEY INC.","MOBIL","2401 W DIVERSEY AVE","Filling Station","3051426","2027-12-15T00:00:00.000","41.9320677883","-87.6879397145"
"521141","1","OGDEN WESTERN MOBIL INC.","MOBIL","2401 W OGDEN AVE","Filling Station","3052352","2027-12-15T00:00:00.000","41.8646467296","-87.6860025122"
"502071","1","CSJ GASMART INC.","CSJ Gasmart/The Western Bistro","823 N WESTERN AVE","Filling Station","2934996","2027-11-15T00:00:00.000","41.8965441305","-87.6867158356"
"457569","1","ONE PARKING 707, INC.","ONE PARKING 707","1415 N DEARBORN ST 1ST-3RD","Commercial Garage","2658353","2027-11-15T00:00:00.000","41.9082714234","-87.6299709258"
"385892","1","Ozinga Energy LLC","Ozinga Energy LLC","2236 S LUMBER ST FIRST","Filling Station","2293391","2027-11-15T00:00:00.000","41.8518733746","-87.6429284642"
"257957","1","FULL WEST BP CORPORATION","FULLWEST BP GAS & SUBWAY","2357 W FULLERTON AVE","Filling Station","1331609","2027-11-15T00:00:00.000","41.9247919066","-87.6875217952"
"315891","1","N & W ENTERPRISES, LLC","NORTH SHELL","1600 N WESTERN AVE 1ST","Filling Station","1816951","2027-11-15T00:00:00.000","41.9104090236","-87.6873702684"
"478873","1","ABERDEEN DEVELOPERS LLC","ABERDEEN DEVELOPERS LLC","171 N ABERDEEN ST  200","Commercial Garage","2808739","2027-11-15T00:00:00.000","41.8851449894","-87.6543153672"
"18636","1","F & C AMOCO INC","BP & CORNER MARKET","2800 W FULLERTON AVE","Filling Station","58259","2027-11-15T00:00:00.000","41.9249164157","-87.6974758705"
"63160","686","SP PLUS LLC","STANDARD PARKING","1835-1859 W ADAMS ST","Commercial Garage","3041926","2027-03-15T00:00:00.000","41.8786861324","-87.6731230754"
"514252","3","CHI-TOWN PARKING SOLUTIONS INC.","CHI-TOWN PARKING SOLUTIONS, INC.","150 E HURON ST 2 THRU 6","Commercial Garage","3020000","2027-05-15T00:00:00.000","41.8950607857","-87.6235075091"
"378615","38","LEGACY PARKING COMPANY, LLC","LEGACY PARKING","219 E NORTH WATER ST","Commercial Garage","3045786","2027-03-15T00:00:00.000","41.8896209575","-87.6220787654"
"428800","1","181 WEST MADISON PROPERTY LLC","181 WEST MADISON PROPERTY","181 W MADISON ST","Commercial Garage","3045683","2027-10-15T00:00:00.000","41.88184063","-87.6332550894"
"243136","84","IMPERIAL PARKING (U.S.), LLC","IMPARK","1951-1957 W OGDEN AVE","Commercial Garage","2647384","2027-09-15T00:00:00.000","41.8736019556","-87.6752172218"
"243136","94","IMPERIAL PARKING (U.S.), LLC","IMPARK","1840 N CLYBOURN AVE","Commercial Garage","2977850","2027-09-15T00:00:00.000","41.9144237141","-87.654627843"
"243136","97","IMPERIAL PARKING (U.S.), LLC","Imperial Parking","1520 W HARRISON ST","Commercial Garage","3010800","2027-09-15T00:00:00.000","41.8743251279","-87.6651417459"
"243136","45","IMPERIAL PARKING (U.S.), LLC","IMPARK","1640 W JACKSON BLVD 1ST - 8TH","Commercial Garage","2074269","2027-09-15T00:00:00.000","41.8777074801","-87.6683716838"
"3460","12","PEOPLES AUTO PARKING COMPANY","PEOPLES AUTO PARKING CO","1122 S WABASH AVE","Commercial Garage","1168624","2027-09-15T00:00:00.000","41.8685479475","-87.6259996404"
"243136","98","IMPERIAL PARKING (U.S.), LLC","IMPERIAL PARKING","711 S PAULINA ST FLOORS 1-5","Commercial Garage","3031108","2027-09-15T00:00:00.000","41.872506272","-87.6689153031"
"3460","15","PEOPLES AUTO PARKING COMPANY","PEOPLES AUTO PARKING","11 E BALBO AVE STREETLEVEL","Commercial Garage","1842138","2027-09-15T00:00:00.000","41.8729904165","-87.6271095558"
"420633","2","MCM PARKING, INC.","MCM PARKING INC","1850 N CLARK ST 1","Commercial Garage","2807585","2027-09-15T00:00:00.000","41.9162510767","-87.6349063647"
"3460","16","PEOPLES AUTO PARKING COMPANY","PEOPLES AUTO PARKING","722 S WABASH AVE STREETLEVEL","Commercial Garage","1842140","2027-09-15T00:00:00.000","41.8727334445","-87.6261047251"
"420633","1","MCM PARKING, INC.","MCM PARKING","1555 N DEARBORN PKWY","Commercial Garage","2802864","2027-09-15T00:00:00.000","41.9110609679","-87.6300555068"
"243136","67","IMPERIAL PARKING (U.S.), LLC","IMPARK","175 W JACKSON BLVD  BSMT","Commercial Garage","2354550","2027-09-15T00:00:00.000","41.8780144872","-87.63318903"
"243136","29","IMPERIAL PARKING (U.S.), LLC","IMPARK","1800 W POLK ST 1ST THRU 8TH","Commercial Garage","1980920","2027-09-15T00:00:00.000","41.8716563886","-87.6716055423"
"498634","1","RAHMAN HOLDINGS INC.","SNK","3601 W GRAND AVE","Filling Station","2934151","2027-09-15T00:00:00.000","41.902168575","-87.7166762958"
"3460","17","PEOPLES AUTO PARKING COMPANY","PEOPLES AUTO PARKING COMPANY","710 S WABASH AVE 1ST-3RD","Commercial Garage","1921984","2027-09-15T00:00:00.000","41.872911342","-87.6261084671"
"476825","1","Lower Peel LLC","Lower Peel LLC","2727 N PINE GROVE AVE","Commercial Garage","2797781","2027-09-15T00:00:00.000","41.9318194742","-87.6406631097"
"3460","6","PEOPLES AUTO PARKING COMPANY","PEOPLES AUTO PARKING CO","566 W VAN BUREN ST","Commercial Garage","5601","2027-09-15T00:00:00.000","41.8768461851","-87.6422502867"
"518463","1","LRXY LLC","AUTO EXPERT CHICAGO","1150 W ADDISON ST","Commercial Garage","3040872","2027-09-15T00:00:00.000","41.9472628686","-87.658861328"
"518238","1","WINDY CITY PETROLEUM INC.","BP","50 W IDA B WELLS DR 1","Filling Station","3036721","2027-09-15T00:00:00.000","41.8757346084","-87.6294391189"
"63160","598","SP PLUS LLC","STANDARD PARKING","728 N MORGAN ST","Commercial Garage","2977847","2027-03-15T00:00:00.000","41.8955128867","-87.6527592263"
"417855","1","PARKPLUS, LLC","PARKPLUS, LLC","55 E PEARSON ST 1","Commercial Garage","2575128","2027-08-15T00:00:00.000","41.8974381951","-87.6260203743"
"459037","1","ONE PARKING 706, LLC","ONE PARKING 706, LLC","115 N WELLS ST 2-8","Commercial Garage","2665386","2027-08-15T00:00:00.000","41.8836094308","-87.6337216081"
"417855","3","PARKPLUS, LLC","PARKPLUS","836 W WELLINGTON AVE 1-5","Commercial Garage","2578476","2027-08-15T00:00:00.000","41.9364501676","-87.650552452"
"455621","1","WELLS PUBLIC PARKING, LLC","WELLS PUBLIC PARKING","425 S WELLS ST 1-3","Commercial Garage","2658880","2027-08-15T00:00:00.000","41.876244956","-87.6335315486"
"417855","4","PARKPLUS, LLC","PARKPLUS","933 W WELLINGTON AVE 1-5","Commercial Garage","2579012","2027-08-15T00:00:00.000","41.9361823325","-87.6528836188"
"417855","10","PARKPLUS, LLC","PARKPLUS","14 W SUPERIOR ST 3-7","Commercial Garage","2835473","2027-08-15T00:00:00.000","41.8957812749","-87.6287579634"
"417855","5","PARKPLUS, LLC","PARKPLUS","3000 N HALSTED ST 1ST-5TH","Commercial Garage","2579013","2027-08-15T00:00:00.000","41.9364480108","-87.6492907515"
"515755","1","PCAM, LLC","PCAM, LLC","300 N STATE ST","Commercial Garage","3021116","2027-06-15T00:00:00.000","41.8875578728","-87.6281530647"
"515509","6","HVPT ICON PARKING, LLC.","HVPT ICON PARKING, LLC.","320 N SANGAMON ST P1","Commercial Garage","3021087","2027-08-15T00:00:00.000","41.8874187103","-87.6511741472"
"515509","4","HVPT ICON PARKING, LLC.","HVPT ICON PARKING, LLC.","525 W MONROE ST B1-B2","Commercial Garage","3021080","2027-08-15T00:00:00.000","41.8804631471","-87.6408038843"
"515509","3","HVPT ICON PARKING, LLC.","HVPT ICON PARKING, LLC.","227 W MONROE ST LL1-2","Commercial Garage","3021079","2027-08-15T00:00:00.000","41.88053925","-87.6345924635"
"515509","5","HVPT ICON PARKING, LLC.","HVPT ICON PARKING, LLC.","165 W WACKER DR LL","Commercial Garage","3021124","2027-08-15T00:00:00.000","41.8867046721","-87.6329444646"
"515509","2","HVPT ICON PARKING, LLC.","HVPT ICON PARKING, LLC.","10-30 S WACKER DR","Commercial Garage","3021086","2027-08-15T00:00:00.000","41.8817224568","-87.6371636182"
"208794","2","1660 CONDOMINIUM ASSOCIATION","1660 CONDOMINIUM ASSOCIATION","1660 N LA SALLE DR  LEVELS A-E","Commercial Garage","3036262","2027-04-15T00:00:00.000","41.9128644207","-87.6332926524"
"378615","37","LEGACY PARKING COMPANY, LLC","LEGACY PARKING","1467 N DAYTON ST 1-7","Commercial Garage","2993342","2027-03-15T00:00:00.000","41.9083258978","-87.6492903313"
"378615","36","LEGACY PARKING COMPANY, LLC","LEGACY PARKING COMPANY, LLC","221 E CHESTNUT ST","Commercial Garage","2972307","2027-08-15T00:00:00.000","41.8983238529","-87.6209858958"
"420633","4","MCM PARKING, INC.","MCM PARKING, INC.","1310 N RITCHIE CT","Commercial Garage","3031360","2027-09-15T00:00:00.000","41.906211991","-87.6267466272"
"324325","70","LAZ PARKING CHICAGO, LLC","LAZ PARKING","609 W LAKE ST 1ST - 4TH","Commercial Garage","2192806","2027-07-15T00:00:00.000","41.8855949599","-87.6431996831"
"324325","136","LAZ PARKING CHICAGO, LLC","LAZ PARKING CHICAGO","401 S WABASH AVE 1ST","Commercial Garage","2535310","2027-07-15T00:00:00.000","41.8769097743","-87.6259089145"
"430901","3","AVI GROUP, INC.","7- ELEVEN #38484A","2341 W BELMONT AVE 1ST","Filling Station","2712354","2027-07-15T00:00:00.000","41.9393558205","-87.6872058096"
"324325","193","LAZ PARKING CHICAGO, LLC","LAZ PARKING","245 E OHIO ST","Commercial Garage","2948817","2027-07-15T00:00:00.000","41.8924790591","-87.6209023799"
"324325","89","LAZ PARKING CHICAGO, LLC","LAZ PARKING","2138 S INDIANA AVE","Commercial Garage","2983800","2027-07-15T00:00:00.000","41.8530780013","-87.6223842966"
"324325","93","LAZ PARKING CHICAGO, LLC","LAZ PARKING","70 W MADISON ST","Commercial Garage","2575224","2027-07-15T00:00:00.000","41.8820933673","-87.6303916446"
"324325","155","LAZ PARKING CHICAGO, LLC","LAZ PARKING","2 E 8TH ST 2 - 3","Commercial Garage","2621725","2027-07-15T00:00:00.000","41.8719172146","-87.627492761"
"324325","79","LAZ PARKING CHICAGO, LLC","LAZ PARKING","500 N LAKE SHORE DR","Commercial Garage","2253873","2027-07-15T00:00:00.000","41.8911183327","-87.6143846846"
"324325","170","LAZ PARKING CHICAGO, LLC","LAZ Parking","221 W HUBBARD ST 2 THRU 5","Commercial Garage","2762693","2027-07-15T00:00:00.000","41.8898607587","-87.6349484646"
"475577","5","MY PARKING INC.","MY PARKING INC.","1254-1258 N STATE PKWY","Commercial Garage","2948038","2027-07-15T00:00:00.000","41.9055366494","-87.6288791435"
"324325","66","LAZ PARKING CHICAGO, LLC","LAZ PARKING","1250 N DEARBORN ST 1-4","Commercial Garage","2575212","2027-07-15T00:00:00.000","41.9053790137","-87.6301745535"
"324325","6","LAZ PARKING CHICAGO, LLC","LAZ PARKING","260 E CHESTNUT ST 1ST","Commercial Garage","2575208","2027-07-15T00:00:00.000","41.8985644734","-87.6194705779"
"324325","92","LAZ PARKING CHICAGO, LLC","LAZ PARKING","505 N ORLEANS ST 1ST & 2ND","Commercial Garage","2575222","2027-07-15T00:00:00.000","41.8909311234","-87.6368684999"
"324325","137","LAZ PARKING CHICAGO, LLC","LAZ PARKING CHICAGO","1035 W VAN BUREN ST 1,B1,2&3","Commercial Garage","2595326","2027-07-15T00:00:00.000","41.8764695605","-87.65332116"
"324325","194","LAZ PARKING CHICAGO, LLC","LAZ PARKING","259 E ERIE ST 3-9","Commercial Garage","2948818","2027-07-15T00:00:00.000","41.8940853807","-87.62040431"
"324325","207","LAZ PARKING CHICAGO, LLC","LAZ PARKING","55 E MONROE ST 2ND - 9TH","Commercial Garage","3011177","2027-07-15T00:00:00.000","41.8806878785","-87.6256435041"
"324325","178","LAZ PARKING CHICAGO, LLC","LAZ PARKING GARAGE","110 N CARPENTER ST","Commercial Garage","2817983","2027-07-15T00:00:00.000","41.8833865771","-87.6533916472"
"324325","146","LAZ PARKING CHICAGO, LLC","LAZ PARKING LLC","14 E CEDAR ST","Commercial Garage","2569694","2027-07-15T00:00:00.000","41.9024923375","-87.6276951062"
"324325","179","LAZ PARKING CHICAGO, LLC","LAZ PARKING GARAGE","110 N WACKER DR LL,1,2","Commercial Garage","2818089","2027-07-15T00:00:00.000","41.8834982431","-87.6372002726"
"324325","25","LAZ PARKING CHICAGO, LLC","LAZ PARKING","33 W MONROE ST","Commercial Garage","1964045","2027-07-15T00:00:00.000","41.8806160057","-87.6290494247"
"324325","135","LAZ PARKING CHICAGO, LLC","LAZ PARKING CHICAGO","323 E WACKER DR LL1-3","Commercial Garage","2575220","2027-07-15T00:00:00.000","41.8875560409","-87.6196550933"
"324325","90","LAZ PARKING CHICAGO, LLC","LAZ PARKING, LLC","540 N STATE ST 1ST","Commercial Garage","2304310","2027-07-15T00:00:00.000","41.8920694945","-87.6282244283"
"324325","154","LAZ PARKING CHICAGO, LLC","LAZ PARKING","30 W MONROE ST B1","Commercial Garage","2616943","2027-07-15T00:00:00.000","41.8808386159","-87.6289019445"
"324325","86","LAZ PARKING CHICAGO, LLC","LAZ PARKING LLC","527 W WEBSTER AVE LL","Commercial Garage","2294160","2027-07-15T00:00:00.000","41.9217970479","-87.6425330743"
"324325","162","LAZ PARKING CHICAGO, LLC","LAZ PARKING","2 W DELAWARE PL 2 & 3","Commercial Garage","2670668","2027-07-15T00:00:00.000","41.8992486496","-87.6283465652"
"324325","121","LAZ PARKING CHICAGO, LLC","LAZ PARKING CHICAGO, LLC","111 E WACKER DR","Commercial Garage","2428990","2027-07-15T00:00:00.000","41.8880794261","-87.6240473698"
"10219","3","HUNTER PARKING, INCORPORATED","HUNTER PARKING","525 S WELLS ST","Commercial Garage","25086","2027-07-15T00:00:00.000","41.8751234513","-87.6334998388"
"324325","75","LAZ PARKING CHICAGO, LLC","LAZ PARKING","400 S FRANKLIN ST","Commercial Garage","2229541","2027-07-15T00:00:00.000","41.8767874094","-87.6353228468"
"324325","116","LAZ PARKING CHICAGO, LLC","LAZ PARKING","720 - 730 S CLARK ST","Commercial Garage","2411416","2027-07-15T00:00:00.000","41.8729567674","-87.6307769762"
"324325","120","LAZ PARKING CHICAGO, LLC","LAZ PARKING CHICAGO, LLC","233 N MICHIGAN AVE","Commercial Garage","2428669","2027-07-15T00:00:00.000","41.8865673709","-87.6243846706"
"324325","85","LAZ PARKING CHICAGO, LLC","LAZ PARKING LLC","1 E WACKER DR","Commercial Garage","2293383","2027-07-15T00:00:00.000","41.8867075551","-87.6278834784"
"324325","167","LAZ PARKING CHICAGO, LLC","LAZ PARKING","1639 N WELLS ST 1ST","Commercial Garage","2709109","2027-07-15T00:00:00.000","41.9123117952","-87.6345988555"
"324325","171","LAZ PARKING CHICAGO, LLC","LAZ Parking","2555 N CLARK ST BASEMENT, LOWER LEVE","Commercial Garage","2786716","2027-07-15T00:00:00.000","41.9292723531","-87.6425018778"
"324325","149","LAZ PARKING CHICAGO, LLC","LAZ PARKING","555 W MADISON ST 1ST & 3RD","Commercial Garage","2594988","2027-07-15T00:00:00.000","41.8817375162","-87.6418080251"
"324325","156","LAZ PARKING CHICAGO, LLC","LAZ PARKING","2222 S INDIANA AVE 1ST","Commercial Garage","2631671","2027-07-15T00:00:00.000","41.8522017247","-87.6224085318"
"324325","191","LAZ PARKING CHICAGO, LLC","LAZ PARKING","100 E BELLEVUE PL","Commercial Garage","2951887","2027-07-15T00:00:00.000","41.9017109242","-87.6256667297"
"10219","4","HUNTER PARKING, INCORPORATED","HUNTER PARKING INC","549 S WELLS ST","Commercial Garage","25087","2027-07-15T00:00:00.000","41.8747117256","-87.6334879142"
"324325","45","LAZ PARKING CHICAGO, LLC","LAZ PARKING","210-212 N WELLS ST 1-10","Commercial Garage","2049461","2027-07-15T00:00:00.000","41.8860283981","-87.6340849831"
"324325","106","LAZ PARKING CHICAGO, LLC","LAZ PARKING","3114-3116 N BROADWAY  1","Commercial Garage","2374224","2027-07-15T00:00:00.000","41.9381170633","-87.6444828182"
"10219","22","HUNTER PARKING, INCORPORATED","HUNTER PARKING, INC.","830-878 S WELLS ST","Commercial Garage","2549026","2027-07-15T00:00:00.000","41.8715056791","-87.6337021576"
"10219","8","HUNTER PARKING, INCORPORATED","HUNTER PARKING INC.","880 S WELLS ST","Commercial Garage","1197509","2027-07-15T00:00:00.000","41.8709636311","-87.6336872919"
"324325","177","LAZ PARKING CHICAGO, LLC","LAZ PARKING GARAGE","75 W HARRISON ST","Commercial Garage","2817981","2027-07-15T00:00:00.000","41.8744165769","-87.6302741576"
"10219","10","HUNTER PARKING, INCORPORATED","HUNTER PARKING INC.","313 S JEFFERSON ST","Commercial Garage","1336776","2027-07-15T00:00:00.000","41.8775796016","-87.6423757776"
"324325","111","LAZ PARKING CHICAGO, LLC","LAZ PARKING","1101 S STATE ST 2","Commercial Garage","2391021","2027-07-15T00:00:00.000","41.8691459141","-87.6273190147"
"324325","124","LAZ PARKING CHICAGO, LLC","LAZ PARKING","1 N HALSTED ST 2 - 5","Commercial Garage","2595980","2027-07-15T00:00:00.000","41.8818156316","-87.647214717"
"324325","148","LAZ PARKING CHICAGO, LLC","LAZ PARKING","1301 W MADISON ST B1,B2,1-4","Commercial Garage","2583435","2027-07-15T00:00:00.000","41.8814630254","-87.6596603496"
"63878","79","THE UNIVERSITY OF CHICAGO","THE UNIVERSITY OF CHICAGO","450 N CITYFRONT PLAZA DR","Commercial Garage","2575197","2027-07-15T00:00:00.000","41.8901114965","-87.6221038751"
"324325","69","LAZ PARKING CHICAGO, LLC","LAZ PARKING","301 E NORTH WATER ST 1ST & 2ND","Commercial Garage","2575216","2027-07-15T00:00:00.000","41.8894582801","-87.6203683764"
"324325","110","LAZ PARKING CHICAGO, LLC","LAZ PARKING","875 N MICHIGAN AVE 4-12","Commercial Garage","2390621","2027-07-15T00:00:00.000","41.8989485417","-87.6239749877"
"497006","1","GRENSHAW STORE LLC","7-ELEVEN #38585A","560 W GRENSHAW ST 1","Filling Station","2906735","2027-07-15T00:00:00.000","41.8682901533","-87.6417096878"
"324325","46","LAZ PARKING CHICAGO, LLC","LAZ PARKING","1 E 8TH ST","Commercial Garage","2575209","2027-07-15T00:00:00.000","41.8716977697","-87.6274844726"
"324325","204","LAZ PARKING CHICAGO, LLC","LAZ PARKING LLC","221 N STETSON AVE","Commercial Garage","2997806","2027-07-15T00:00:00.000","41.886215557","-87.6221699924"
"324325","201","LAZ PARKING CHICAGO, LLC","LAZ PARKING LLC","400 N ABERDEEN ST 2ND & 3RD","Commercial Garage","2993693","2027-07-15T00:00:00.000","41.8890167691","-87.6547155371"
"324325","88","LAZ PARKING CHICAGO, LLC","LAZ PARKING","456 E ILLINOIS ST LL1-4","Commercial Garage","2299109","2027-07-15T00:00:00.000","41.8912006674","-87.6155197782"
"324325","113","LAZ PARKING CHICAGO, LLC","LAZ PARKING","131 S DEARBORN ST","Commercial Garage","2575229","2027-07-15T00:00:00.000","41.8798854403","-87.6292115948"
"475835","1","LXG CHICAGO, LLC","HOLIDAY INN & SUITES","506 W HARRISON ST","Commercial Garage","2791969","2027-07-15T00:00:00.000","41.8745121542","-87.6398647091"
"324325","53","LAZ PARKING CHICAGO, LLC","LAZ PARKING","446 E ONTARIO ST 1-8","Commercial Garage","2087785","2027-07-15T00:00:00.000","41.8935713101","-87.6159474765"
"324325","80","LAZ PARKING CHICAGO, LLC","LAZ PARKING","1212 S MICHIGAN AVE","Commercial Garage","2256396","2027-07-15T00:00:00.000","41.8670614529","-87.6242915566"
"517298","1","FAMOUS PARKING LLC","FAMOUS PARKING LLC","1850-1856 W WALNUT ST","Commercial Garage","3031656","2027-07-15T00:00:00.000","41.8861350931","-87.6739008723"
"63160","389","SP PLUS LLC","STANDARD PARKING","400 N MCCLURG CT","Commercial Garage","3031408","2027-03-15T00:00:00.000","41.889118473","-87.6177548765"
"407091","2","MCPP ONE NORTH FRANKLIN, LLC","MCPP ONE NORTH FRANKLIN, LLC","1 N FRANKLIN ST BASEMENT","Commercial Garage","2575159","2027-06-15T00:00:00.000","41.881967467","-87.6351654428"
"85443","267","ABM INDUSTRY GROUPS, LLC","ABM Parking Services, Inc.","540 W MADISON ST","Commercial Garage","2575183","2027-06-15T00:00:00.000","41.8819664488","-87.6412758255"
"85392","17","NORTHWESTERN MEMORIAL HOSPITAL","NORTHWESTERN MEMORIAL HOSPITAL","401-425 E ERIE ST 1-11TH","Commercial Garage","2575094","2027-06-15T00:00:00.000","41.8941396252","-87.6176404079"
"85443","287","ABM INDUSTRY GROUPS, LLC","ABM INDUSTRY GROUPS, LLC","950 N KINGSBURY ST 1","Commercial Garage","2616716","2027-06-15T00:00:00.000","41.8995782772","-87.644890798"
"85443","226","ABM INDUSTRY GROUPS, LLC","Ampco System Parking Inc","1 S WACKER DR","Commercial Garage","2590023","2027-06-15T00:00:00.000","41.8818862275","-87.6366183305"
"85443","223","ABM INDUSTRY GROUPS, LLC","ABM Parking Services","303 E WACKER DR 1ST-2ND","Commercial Garage","2575187","2027-06-15T00:00:00.000","41.8877053794","-87.6205881439"
"85392","16","NORTHWESTERN MEMORIAL HOSPITAL","Northwestern Memorial Hospital","441 E ONTARIO ST","Commercial Garage","2575093","2027-06-15T00:00:00.000","41.8933500212","-87.6161592993"
"491973","1","STATE STREET OPERATING VII LLC","Embassy Suites by Hilton Chicago Downtown River North","600 N STATE ST","Commercial Garage","2881858","2027-06-15T00:00:00.000","41.8925011669","-87.6282427378"
"85443","119","ABM INDUSTRY GROUPS, LLC","ABM Parking Services","321 S WACKER DR","Commercial Garage","1226507","2027-06-15T00:00:00.000","41.8775637372","-87.6365145755"
"85443","274","ABM INDUSTRY GROUPS, LLC","ABM PARKING SERVICES","222 E HURON ST","Commercial Garage","2529909","2027-06-15T00:00:00.000","41.8951081058","-87.6218079229"
"85443","197","ABM INDUSTRY GROUPS, LLC","ABM Parking Services","330 W DIVERSEY PKWY","Commercial Garage","2575189","2027-06-15T00:00:00.000","41.9330419872","-87.6380227109"
"85443","222","ABM INDUSTRY GROUPS, LLC","ABM Parking Services","111 W JACKSON BLVD","Commercial Garage","2114791","2027-06-15T00:00:00.000","41.8780344283","-87.631171407"
"85443","288","ABM INDUSTRY GROUPS, LLC","ABM INDUSTRY GROUPS, LLC","500-530 W CHICAGO AVE 1-5","Commercial Garage","2647862","2027-06-15T00:00:00.000","41.8965992844","-87.6418067797"
"85443","176","ABM INDUSTRY GROUPS, LLC","ABM Parking Services","519 S CLINTON ST GROUND","Commercial Garage","1801317","2027-06-15T00:00:00.000","41.8748455647","-87.6408209763"
"474161","1","Flatiron LLC","Flatiron LLC","504 N GREEN ST","Commercial Garage","2781007","2027-06-15T00:00:00.000","41.891338206","-87.6489425083"
"85443","295","ABM INDUSTRY GROUPS, LLC","ABM INDUSTRIES GROUP LLC","600 E GRAND AVE 1","Commercial Garage","2677481","2027-06-15T00:00:00.000","41.8920941369","-87.6115698839"
"85443","307","ABM INDUSTRY GROUPS, LLC","ABM INDUSTRY GROUPS, LLC","150 N RIVERSIDE PLZ","Commercial Garage","2918103","2027-06-15T00:00:00.000","41.8850894558","-87.6384055942"
"457467","1","MHH MANAGEMENT, LLC","HYATT HOUSE CHICAGO WEST LOOP / FULTON MARKET","105 N MAY ST 3, 14","Commercial Garage","2663604","2027-06-15T00:00:00.000","41.8831764959","-87.6554253831"
"85443","218","ABM INDUSTRY GROUPS, LLC","ABM Parking Services","1255 S MICHIGAN AVE 1-7","Commercial Garage","2575191","2027-06-15T00:00:00.000","41.8659752788","-87.6239706385"
"85443","162","ABM INDUSTRY GROUPS, LLC","ABM Parking Services","165 N CLINTON ST","Commercial Garage","1681589","2027-06-15T00:00:00.000","41.8850707818","-87.6411434288"
"85443","275","ABM INDUSTRY GROUPS, LLC","ABM ONSITE SERVICES","321 E ERIE ST","Commercial Garage","2464893","2027-06-15T00:00:00.000","41.8941134637","-87.6194285458"
"85443","271","ABM INDUSTRY GROUPS, LLC","ABM INDUSTRY GROUPS, LLC","1025 W ADDISON ST 1-4","Commercial Garage","2637337","2027-06-15T00:00:00.000","41.9471177484","-87.6553811622"
"85443","164","ABM INDUSTRY GROUPS, LLC","ABM Parking Services","180 N STETSON AVE  INDOOR","Commercial Garage","1717224","2027-06-15T00:00:00.000","41.8853678215","-87.6224472013"
"85443","309","ABM INDUSTRY GROUPS, LLC","ABM Industry Groups, LLC","922 W WASHINGTON BLVD","Commercial Garage","2951862","2027-06-15T00:00:00.000","41.883195987","-87.6507587901"
"85443","311","ABM INDUSTRY GROUPS, LLC","ABM Industry Groups, LLC","671 N CLARK ST","Commercial Garage","2951864","2027-06-15T00:00:00.000","41.8945059235","-87.6310494661"
"85443","310","ABM INDUSTRY GROUPS, LLC","ABM INDUSTRY GROUPS, LLC","311 S WACKER DR","Commercial Garage","2951863","2027-06-15T00:00:00.000","41.8777916481","-87.6365243444"
"389900","2","J.S.F. LICENSING, LLC","J.S.F. LICENSING, LLC","1722 W WARREN BLVD 1","Commercial Garage","2327253","2027-05-15T00:00:00.000","41.8824407152","-87.6703536319"
"378632","1","MILWAUKEE AVENUE PARKING LLC","MILWAUKEE AVENUE PARKING LLC","2053-2075 N MILWAUKEE AVE","Commercial Garage","2232208","2027-05-15T00:00:00.000","41.9186294087","-87.6901230226"
"389900","11","J.S.F. LICENSING, LLC","J.S.F. LICENSING, LLC","2020-2024 W ADAMS ST 1","Commercial Garage","2397949","2027-05-15T00:00:00.000","41.8788473542","-87.6774911944"
"389900","9","J.S.F. LICENSING, LLC","J.S.F. LICENSING, LLC","2000 W MADISON ST 1","Commercial Garage","2327260","2027-05-15T00:00:00.000","41.881422591","-87.6767064773"
"62681","1","FULTON-DES PLAINES GARAGE, INC.","FULTON DESPLAINES GARAGE","225 N DESPLAINES ST 1ST","Commercial Garage","4391","2027-05-15T00:00:00.000","41.8865683887","-87.6441236524"
"474525","1","JAYU 1 CORPORATION","7-Eleven #38948A","2366 N DAMEN AVE 1","Filling Station","2781584","2027-05-15T00:00:00.000","41.9247378064","-87.6780291477"
"389900","1","J.S.F. LICENSING, LLC","J.S.F. LICENSING, LLC","2001 W WARREN BLVD 1","Commercial Garage","2327252","2027-05-15T00:00:00.000","41.8821203691","-87.6767821793"
"18493","3","LOTS OF CHICAGO, INC.","LOTS OF CHICAGO","603 W MONROE ST  1","Commercial Garage","57505","2027-05-15T00:00:00.000","41.8804365946","-87.6427774336"
"494116","1","CARROLL ADP, LLC","CARROLL ADP, LLC","1500 W CARROLL AVE","Commercial Garage","2896120","2027-05-15T00:00:00.000","41.8875331703","-87.6644064394"
"432558","1","3440 BROADWAY, LLC","HAWTHORNE GARAGE","3436-3448 N BROADWAY  1-2","Commercial Garage","2631677","2027-05-15T00:00:00.000","41.9442234493","-87.6455223207"
"389900","3","J.S.F. LICENSING, LLC","J.S.F. LICENSING, LLC","1725 W WASHINGTON BLVD 1","Commercial Garage","2327254","2027-05-15T00:00:00.000","41.8831310666","-87.670551522"
"217808","12","PARKKING, INC.","ParkKing, Inc.","608 W ADAMS ST","Commercial Garage","2060311","2027-05-15T00:00:00.000","41.87938071","-87.6430045243"
"389900","6","J.S.F. LICENSING, LLC","J.S.F. LICENSING, LLC","108-126 S DAMEN AVE  1","Commercial Garage","2327257","2027-05-15T00:00:00.000","41.8797073728","-87.6767504897"
"18493","1","LOTS OF CHICAGO, INC.","PARK 1","718 W MONROE ST","Commercial Garage","57506","2027-05-15T00:00:00.000","41.880628368","-87.6450757929"
"495169","1","1647 NORTH LASALLE OPCO  LLC","BP","1647 N LA SALLE DR","Filling Station","2900513","2027-05-15T00:00:00.000","41.9125032395","-87.6330119329"
"389900","7","J.S.F. LICENSING, LLC","J.S.F. LICENSING, LLC","111-117 S SEELEY AVE 1","Commercial Garage","2327258","2027-05-15T00:00:00.000","41.8796354511","-87.6776776969"
"86498","1","EAST BANK CLUB CORPORATION","EAST BANK CLUB","500 N KINGSBURY ST  1ST F","Commercial Garage","1954","2027-05-15T00:00:00.000","41.8906843024","-87.6393952834"
"389900","5","J.S.F. LICENSING, LLC","J.S.F. LICENSING, LLC","2000-2012 W ADAMS ST 1","Commercial Garage","2327256","2027-05-15T00:00:00.000","41.8788560995","-87.6766391602"
"515920","1","JACKSON QUICK MART INC.","SHELL","1001 W JACKSON BLVD 1","Filling Station","3025458","2027-05-15T00:00:00.000","41.8777572038","-87.6520374176"
"514252","1","CHI-TOWN PARKING SOLUTIONS INC.","CHI-TOWN PARKING SOLUTIONS INC.","100 E WALTON ST","Commercial Garage","3020778","2027-05-15T00:00:00.000","41.9000966252","-87.6253593407"
"263501","7","MY MANAGEMENT, INC.","18TH & RUBLE SHELL","1741 S RUBLE ST","Filling Station","1382630","2027-04-15T00:00:00.000","41.8579607319","-87.6436583454"
"472848","1","DISGUSTING TREES LLC","DISGUSTING TREES LLC","1700-1712 N NORTH PARK AVE","Commercial Garage","2770889","2027-04-15T00:00:00.000","41.9128862766","-87.6368659971"
"62577","1","J.F. SERVICE INC.","BP GAS","1607 W FULLERTON AVE  1ST","Filling Station","2890","2027-04-15T00:00:00.000","41.925036971","-87.6685149903"
"4280","2","STEPPENWOLF THEATRE COMPANY","STEPPENWOLF","1642 N HALSTED ST  OUTDO","Commercial Garage","32296","2027-04-15T00:00:00.000","41.9121545522","-87.6484566083"
"463142","1","MILLION DOLLAR HIGHWAY LLC","MILLION DOLLAR HIGHWAY LLC","533 W BARRY AVE","Commercial Garage","2709082","2027-04-15T00:00:00.000","41.9375650735","-87.6432113987"
"64587","1","LOCK UP KEDZIE AVENUE  VENTURE","THE LOCK UP/KEDZIE","3366 N KEDZIE AVE 1ST","Commercial Garage","2130244","2027-04-15T00:00:00.000","41.9429746372","-87.7078720576"
"325685","1","LINCOLN PARK AUTO, INC.","MILITO'S MOBIL","1106 W FULLERTON AVE 1ST","Filling Station","1883646","2027-04-15T00:00:00.000","41.925443779","-87.6563143902"
"412340","1","CITGO AT HOMAN INC.","CITGO AT HOMAN INC.","3353-3357 W HARRISON ST 1ST","Filling Station","2506184","2027-04-15T00:00:00.000","41.8735218857","-87.7104864287"
"85350","2","AMERICANA TOWERS CONDOMINIUM ASSOCIATION","AMERICANA TOWERS CONDO ASSOC","1636 N WELLS ST  FLOOR","Commercial Garage","40508","2027-04-15T00:00:00.000","41.9122544314","-87.6348911354"
"2800","2","DIVERSEY Y.C., INC.","DIVERSEY YACHT CLUB","2601 N CANNON DR  DIVER","Filling Station","86217","2027-04-15T00:00:00.000","41.9297823092","-87.6359807157"
"20161","1","S D AMOCO INC","SOUTHPORT & DIVERSEY BP","1355 W DIVERSEY PKWY  1","Filling Station","64359","2027-04-15T00:00:00.000","41.9323744961","-87.663335611"
"2009","2","777 CONDOMINIUM ASSOCIATION","PARKING AT 777","777 N MICHIGAN AVE BSMT, 3RD - 5TH","Commercial Garage","2895841","2027-04-15T00:00:00.000","41.8966901866","-87.624102154"
"63160","296","SP PLUS LLC","STANDARD PARKING","300 E ILLINOIS ST 1-4 LL","Commercial Garage","2723726","2027-03-15T00:00:00.000","41.8911138819","-87.6201994176"
"378615","18","LEGACY PARKING COMPANY, LLC","LEGACY PARKING","357 - 365 W HURON ST","Commercial Garage","2617402","2027-03-15T00:00:00.000","41.8946328057","-87.6378732197"
"63160","363","SP PLUS LLC","STANDARD PARKING COPORATION","2345 N SHEFFIELD AVE","Commercial Garage","1976155","2027-03-15T00:00:00.000","41.9248947254","-87.6534475928"
"63160","104","SP PLUS LLC","RIVER CITY PARKING","800 S WELLS ST  1","Commercial Garage","2555848","2027-03-15T00:00:00.000","41.8720863522","-87.6337184683"
"63160","116","SP PLUS LLC","SUPERIOR PLACE SELF PARK","1 W SUPERIOR ST 1ST","Commercial Garage","2575060","2027-03-15T00:00:00.000","41.8955683487","-87.6282518615"
"63160","430","SP PLUS LLC","STANDARD PARKING","365 N HALSTED ST BAS, 1ST & 2ND","Commercial Garage","2641674","2027-03-15T00:00:00.000","41.8886812398","-87.6474228478"
"63631","1","METRO PARKING SYSTEM,INC","METRO PARKING SYSTEMS","535 N MICHIGAN AVE  1ST","Commercial Garage","2575071","2027-03-15T00:00:00.000","41.8918970758","-87.6240162886"
"63160","128","SP PLUS LLC","FULTON-DESPLAINES SELF PARK","650 W FULTON MARKET","Commercial Garage","2575056","2027-03-15T00:00:00.000","41.8869137826","-87.6447757694"
"63160","50","SP PLUS LLC","CHICAGO STADIUM PARKING","1910 W WARREN BLVD","Commercial Garage","16145","2027-03-15T00:00:00.000","41.8823731415","-87.6747170246"
"63160","452","SP PLUS LLC","STANDARD PARKING","1000 W FULTON MARKET  1","Commercial Garage","2397311","2027-03-15T00:00:00.000","41.8868482955","-87.6522341611"
"63160","449","SP PLUS LLC","STANDARD PARKING","850 N STATE ST 1-5","Commercial Garage","2575122","2027-03-15T00:00:00.000","41.8981603692","-87.6283871119"
"63160","511","SP PLUS LLC","STANDARD PARKING","3630 N CLARK ST","Commercial Garage","2579284","2027-03-15T00:00:00.000","41.9479656023","-87.6572985426"
"63160","427","SP PLUS LLC","STANDARD PARKING","200 E RANDOLPH ST BELOW GROUND","Commercial Garage","2423167","2027-03-15T00:00:00.000","41.8846320758","-87.6222479911"
"63160","266","SP PLUS LLC","STANDARD PARKING","350 W HUBBARD ST","Commercial Garage","1648941","2027-03-15T00:00:00.000","41.8900472489","-87.6374673818"
"63160","602","SP PLUS LLC","Standard Parking","2150 S CANALPORT AVE","Commercial Garage","2900653","2027-03-15T00:00:00.000","41.8533014641","-87.6499296953"
"63160","295","SP PLUS LLC","STANDARD PARKING","505 E ILLINOIS ST","Commercial Garage","1878630","2027-03-15T00:00:00.000","41.8909921272","-87.6149106692"
"63160","66","SP PLUS LLC","100 N RIVERSIDE SELF-PARK","100 N RIVERSIDE PLZ  OUT","Commercial Garage","16187","2027-03-15T00:00:00.000","41.8832658529","-87.6387608213"
"63160","444","SP PLUS LLC","SP PLUS","1100 S CANAL ST","Commercial Garage","2417965","2027-03-15T00:00:00.000","41.86888416","-87.6393925403"
"63160","11","SP PLUS LLC","STANDARD PARKING CORP","1560 N SANDBURG TER  INDOOR","Commercial Garage","2575051","2027-03-15T00:00:00.000","41.9111182586","-87.63261971"
"63160","513","SP PLUS LLC","STANDARD PARKING","320 W OHIO ST","Commercial Garage","2589330","2027-03-15T00:00:00.000","41.8924658311","-87.6365481813"
"63160","506","SP PLUS LLC","STANDARD PARKING","2121 S PRAIRIE AVE LL1","Commercial Garage","2560443","2027-03-15T00:00:00.000","41.853650885","-87.6205335811"
"63160","539","SP PLUS LLC","STANDARD PARKING","111 S WACKER DR","Commercial Garage","2698637","2027-03-15T00:00:00.000","41.8803340992","-87.6365802377"
"16964","7","RENAISSANCE HOTEL OPERATING COMPANY","RENAISSANCE CHICAGO HOTEL","1 W WACKER DR  INDOO","Commercial Garage","48232","2027-03-15T00:00:00.000","41.8867042286","-87.6280535598"
"63160","419","SP PLUS LLC","STANDARD PARKING","1333 W BELMONT AVE 1","Commercial Garage","2575108","2027-03-15T00:00:00.000","41.9396756449","-87.6625348143"
"378615","19","LEGACY PARKING COMPANY, LLC","LEGACY PARKING","361 W CHESTNUT ST","Commercial Garage","2622488","2027-03-15T00:00:00.000","41.8980411564","-87.637927981"
"63160","299","SP PLUS LLC","STANDARD PARKING CORPORATION","401 N WABASH AVE","Commercial Garage","1884249","2027-03-15T00:00:00.000","41.8892840135","-87.6265485479"
"63160","211","SP PLUS LLC","STANDARD PARKING-MILLENNIUM PARK GARAGE","201 E RANDOLPH ST 1-7","Commercial Garage","2488569","2027-03-15T00:00:00.000","41.8841673843","-87.6222500417"
"63160","219","SP PLUS LLC","STANDARD PARKING","13 S DAMEN AVE","Commercial Garage","1303565","2027-03-15T00:00:00.000","41.8808810658","-87.6764866701"
"63160","13","SP PLUS LLC","STANDARD PARKING CORP","1 E DELAWARE PL  OUT","Commercial Garage","2704542","2027-03-15T00:00:00.000","41.899030982","-87.6281922749"
"63160","352","SP PLUS LLC","STANDARD PARKING CORPORATION","909 N MICHIGAN AVE","Commercial Garage","2575085","2027-03-15T00:00:00.000","41.899539028","-87.6239890003"
"63160","551","SP PLUS LLC","STANDARD PARKING","2500 N MILWAUKEE AVE","Commercial Garage","2744573","2027-03-15T00:00:00.000","41.9267365984","-87.7038278269"
"378615","23","LEGACY PARKING COMPANY, LLC","LEGACY PARKING","205 N MICHIGAN AVE LL 1ST-3RD","Commercial Garage","2712971","2027-03-15T00:00:00.000","41.8859060595","-87.6243718374"
"63160","106","SP PLUS LLC","900 NORTH MICHIGAN SELF PARK","911 N RUSH ST  1","Commercial Garage","16236","2027-03-15T00:00:00.000","41.899530672","-87.6268078711"
"63160","490","SP PLUS LLC","STANDARD PARKING","444 W LAKE ST 1-4","Commercial Garage","2575116","2027-03-15T00:00:00.000","41.8858297038","-87.6398064356"
"63160","418","SP PLUS LLC","STANDARD PARKING","163 E CHICAGO AVE","Commercial Garage","2575107","2027-03-15T00:00:00.000","41.8966417709","-87.6230210715"
"63160","681","SP PLUS LLC","STANDARD PARKING","225 W WACKER DR 1-6,6A","Commercial Garage","2992826","2027-03-15T00:00:00.000","41.886709222","-87.6347108995"
"63160","256","SP PLUS LLC","STANDARD PARKING","25 E SUPERIOR ST","Commercial Garage","1820197","2027-03-15T00:00:00.000","41.8955850981","-87.6270635345"
"63160","600","SP PLUS LLC","Standard Parking","720 S WELLS ST 5 BELOW GROUND","Commercial Garage","2867432","2027-03-15T00:00:00.000","41.8728917695","-87.6337398904"
"378615","17","LEGACY PARKING COMPANY, LLC","LEGACY PARKING","1136 S WABASH AVE 1-2","Commercial Garage","2602081","2027-03-15T00:00:00.000","41.8681484926","-87.625983508"
"63160","83","SP PLUS LLC","275 EAST CHESTNUT SELF PARK","275 E CHESTNUT ST  INDOO","Commercial Garage","16211","2027-03-15T00:00:00.000","41.8983529559","-87.6189620145"
"378615","22","LEGACY PARKING COMPANY, LLC","LEGACY PARKING","601 W JACKSON BLVD 2-3","Commercial Garage","2683412","2027-03-15T00:00:00.000","41.877888529","-87.6426091753"
"63160","29","SP PLUS LLC","STANDARD PARKING CORP","2960 N LAKE SHORE DR  OUTDOOR","Commercial Garage","2575055","2027-03-15T00:00:00.000","41.9361716486","-87.6369390523"
"63160","345","SP PLUS LLC","STANDARD PARKING COPORATION","840 N LAKE SHORE DR","Commercial Garage","2575102","2027-03-15T00:00:00.000","41.8978312329","-87.6179061294"
"63160","10","SP PLUS LLC","STANDARD PARKINGNCORP","1030 N STATE ST  INDOOR","Commercial Garage","2575050","2027-03-15T00:00:00.000","41.9014634149","-87.6284813715"
"456535","1","MID AMERICA PARKING INC.","MID AMERICA PARKING","1255 S STATE ST 1ST&2ND","Commercial Garage","2647730","2027-03-15T00:00:00.000","41.8659314728","-87.6272401033"
"63160","174","SP PLUS LLC","STANDARD PARKING","2848 N BROADWAY","Commercial Garage","2856421","2027-03-15T00:00:00.000","41.9341280806","-87.6444960968"
"63160","510","SP PLUS LLC","STANDARD PARKING","400 E RANDOLPH ST","Commercial Garage","2579157","2027-03-15T00:00:00.000","41.8846463654","-87.6172484962"
"63160","497","SP PLUS LLC","STANDARD PARKING","2001 S MICHIGAN AVE","Commercial Garage","2895728","2027-03-15T00:00:00.000","41.855431999","-87.6237282156"
"63160","678","SP PLUS LLC","STANDARD PARKING","165 N HARBOR DR 1& 2 UNDERGROUND","Commercial Garage","2966973","2027-03-15T00:00:00.000","41.8852048732","-87.6156100195"
"63160","303","SP PLUS LLC","STANDARD PARKING CORPORATION","360 E SOUTH WATER ST","Commercial Garage","2575088","2027-03-15T00:00:00.000","41.8866175341","-87.6186716726"
"63160","436","SP PLUS LLC","STANDARD PARKING","220 W CHICAGO AVE","Commercial Garage","2278881","2027-03-15T00:00:00.000","41.8966917703","-87.6351194384"
"63160","415","SP PLUS LLC","STANDARD PARKING","333 E BENTON PL 1-2","Commercial Garage","2575106","2027-03-15T00:00:00.000","41.8853900467","-87.6189867116"
"63160","141","SP PLUS LLC","STANDARD PARKING","106 S PAULINA ST","Commercial Garage","1120252","2027-03-15T00:00:00.000","41.879879577","-87.6694085354"
"63160","489","SP PLUS LLC","STANDARD PARKING","355 E ERIE ST 1-7","Commercial Garage","2575117","2027-03-15T00:00:00.000","41.8941336002","-87.6181791496"
"493977","1","JNT FUELS INC.","ARMITAGE & CALIFORNIA BP","2801 W ARMITAGE AVE","Filling Station","2891255","2027-03-15T00:00:00.000","41.9173793168","-87.6972506403"
"279209","1","RUSH ONTARIO, LLC","AC MARRIOTT CHICAGO DOWNTOWN","630 N RUSH ST","Commercial Garage","2500650","2027-03-15T00:00:00.000","41.8933524377","-87.6255669883"
"63160","318","SP PLUS LLC","STANDARD PARKING CORPORATION","1350 N LAKE SHORE DR","Commercial Garage","2723522","2027-03-15T00:00:00.000","41.9073601744","-87.6258106615"
"63160","120","SP PLUS LLC","JMB/URBAN","900 N MICHIGAN AVE  1","Commercial Garage","16237","2027-03-15T00:00:00.000","41.899248597","-87.6242749782"
"378615","14","LEGACY PARKING COMPANY, LLC","LEGACY PARKING COMPANY, LLC","609-635 S STATE ST","Commercial Garage","2563565","2027-03-15T00:00:00.000","41.8743089032","-87.6274586596"
"63160","206","SP PLUS LLC","STANDARD PARKING","2515 N CLARK ST","Commercial Garage","1270648","2027-03-15T00:00:00.000","41.9282713467","-87.641916572"
"378615","1","LEGACY PARKING COMPANY, LLC","LEGACY PARKING COMPANY, LLC","455 N CITYFRONT PLAZA DR  910","Commercial Garage","2232152","2027-03-15T00:00:00.000","41.8900013352","-87.6214386883"
"63160","43","SP PLUS LLC","STANDARD PARKING CORP","1801-1821 W MADISON ST","Commercial Garage","2771619","2027-03-15T00:00:00.000","41.8812791622","-87.6718046073"
"63160","566","SP PLUS LLC","STANDARD PARKING","161 W KINZIE ST 1-3","Commercial Garage","2775811","2027-03-15T00:00:00.000","41.8890621107","-87.6334852069"
"63160","388","SP PLUS LLC","STANDARD PARKING","1901-27 W ADAMS ST 1ST","Commercial Garage","2103022","2027-03-15T00:00:00.000","41.8786701504","-87.6741895227"
"63160","304","SP PLUS LLC","STANDARD PARKING CORPORATION","1130 S MICHIGAN AVE","Commercial Garage","2575096","2027-03-15T00:00:00.000","41.8683050117","-87.62425305"
"63160","474","SP PLUS LLC","STANDARD PARKING","2316 N LINCOLN AVE","Commercial Garage","2458768","2027-03-15T00:00:00.000","41.9239643852","-87.6469025951"
"63160","152","SP PLUS LLC","STANDARD PARKING CORP","325 S MICHIGAN AVE","Commercial Garage","2488568","2027-03-15T00:00:00.000","41.8776675576","-87.6241574527"
"63160","140","SP PLUS LLC","STANDARD PARKING","1731 W MONROE ST","Commercial Garage","1120249","2027-03-15T00:00:00.000","41.8799964881","-87.6705508839"
"63160","505","SP PLUS LLC","STANDING PARKING","1330 W FULTON ST BAS,3-9TH","Commercial Garage","2575034","2027-03-15T00:00:00.000","41.8867389498","-87.6601577072"
"63160","344","SP PLUS LLC","STANDARD PARKING CORPORATION","1455 N CLARK ST 1 1","Commercial Garage","2575101","2027-03-15T00:00:00.000","41.9093335542","-87.6314563176"
"63160","675","SP PLUS LLC","STANDARD PARKING","1753 W MONROE ST","Commercial Garage","2948677","2027-03-15T00:00:00.000","41.8799823845","-87.6713970759"
"63160","644","SP PLUS LLC","STANDARD PARKING","2033-2045 W MADISON ST","Commercial Garage","2873251","2027-03-15T00:00:00.000","41.8811977747","-87.6779251136"
"378615","2","LEGACY PARKING COMPANY, LLC","LEGACY PARKING COMPANY, LLC","251 E ILLINOIS ST 1ST","Commercial Garage","2232151","2027-03-15T00:00:00.000","41.8908871668","-87.6205826647"
"63160","107","SP PLUS LLC","UIDC MANAGEMENT, INC","845 N MICHIGAN AVE  1","Commercial Garage","2575067","2027-03-15T00:00:00.000","41.8980799205","-87.6239457057"
"358115","1","AG NORTH AVENUE BEACH, INC.","SHELL","130 W NORTH AVE 1ST","Filling Station","2068924","2027-03-15T00:00:00.000","41.9112720681","-87.6331171744"
"63160","252","SP PLUS LLC","STANDARD PARKING","400 E SOUTH WATER ST","Commercial Garage","2575035","2027-03-15T00:00:00.000","41.8866335194","-87.6174134204"
"63160","114","SP PLUS LLC","LINCOLN PARK HISTORICAL SOCIET","1730 N STOCKTON DR  1","Commercial Garage","16247","2027-03-15T00:00:00.000","41.9140577671","-87.6319683523"
"63160","526","SP PLUS LLC","STANDARD PARKING","1225 N WELLS ST","Commercial Garage","2646379","2027-03-15T00:00:00.000","41.9046504825","-87.6343606727"
"207499","1","ROWLAND L.L.C.","RUSH OHIO WABASH SELF PARK","50 E OHIO ST","Commercial Garage","1093996","2027-03-15T00:00:00.000","41.89261824","-87.6261603485"
"63160","293","SP PLUS LLC","STANDARD PARKING","401 N MICHIGAN AVE","Commercial Garage","1878625","2027-03-15T00:00:00.000","41.8893542519","-87.6241024562"
"63160","484","SP PLUS LLC","STANDARD PARKING","545 N MCCLURG CT 1-7","Commercial Garage","2575119","2027-03-15T00:00:00.000","41.8923894992","-87.6175608034"
"378615","32","LEGACY PARKING COMPANY, LLC","LEGACY PARKING COMPANY, LLC","55 E JACKSON BLVD","Commercial Garage","2803670","2027-03-15T00:00:00.000","41.8781478585","-87.6255727346"
"63160","472","SP PLUS LLC","SP PLUS CORPORATION","200 N COLUMBUS DR","Commercial Garage","2575080","2027-03-15T00:00:00.000","41.8860058334","-87.6208289567"
"63160","384","SP PLUS LLC","STANDARD PARKING","353 N CLARK ST LL","Commercial Garage","2575083","2027-03-15T00:00:00.000","41.8889619568","-87.6309067724"
"63160","649","SP PLUS LLC","STANDARD PARKING","900-910 N LAKE SHORE DR LL,1ST AND 2ND","Commercial Garage","2923833","2027-03-15T00:00:00.000","41.8992809909","-87.6188945123"
"63160","153","SP PLUS LLC","STANDARD PARKING","25 N MICHIGAN AVE 1-2","Commercial Garage","2488570","2027-03-15T00:00:00.000","41.882670497","-87.6242415386"
"378615","10","LEGACY PARKING COMPANY, LLC","LEGACY PARKING COMPANY, LLC","3224-3244 N HALSTED ST 1ST","Commercial Garage","2492515","2027-03-15T00:00:00.000","41.9406496309","-87.6494347451"
"63160","483","SP PLUS LLC","STANDARD PARKING","1001 S STATE ST","Commercial Garage","2575120","2027-03-15T00:00:00.000","41.8698398106","-87.6273322387"
"378615","11","LEGACY PARKING COMPANY, LLC","LEGACY PARKING COMPANY, LLC","347 W CHESTNUT ST 2,3,4,5","Commercial Garage","2671582","2027-03-15T00:00:00.000","41.8980504026","-87.6374871644"
"378615","4","LEGACY PARKING COMPANY, LLC","LEGACY PARKING COMPANY, LLC","111 W MAPLE ST 1-5","Commercial Garage","2575172","2027-03-15T00:00:00.000","41.9017266664","-87.6318996199"
"63160","423","SP PLUS LLC","STANDARD PARKING","801-813 S WABASH AVE 1-3","Commercial Garage","2822402","2027-03-15T00:00:00.000","41.8717783327","-87.6257891244"
"63160","440","SP PLUS LLC","Standard Parking","222 E PEARSON ST LL","Commercial Garage","2575111","2027-03-15T00:00:00.000","41.897739439","-87.6208954378"
"63160","147","SP PLUS LLC","STANDARD PARKING CORP","360 W HUBBARD ST","Commercial Garage","2575047","2027-03-15T00:00:00.000","41.8900418344","-87.6378686388"
"63160","532","SP PLUS LLC","STANDARD PARKING","2650 N LAKEVIEW AVE","Commercial Garage","2670242","2027-03-15T00:00:00.000","41.9310689939","-87.6394628486"
"63160","36","SP PLUS LLC","STANDARD PARKING CORP","2836 N CLARK ST  INDOO","Commercial Garage","16162","2027-03-15T00:00:00.000","41.9336578573","-87.6457492219"
"378615","24","LEGACY PARKING COMPANY, LLC","LEGACY PARKING","172 W MADISON ST","Commercial Garage","2683415","2027-03-15T00:00:00.000","41.8820621828","-87.6330391152"
"63160","538","SP PLUS LLC","STANDARD PARKING","300 E OHIO ST","Commercial Garage","2694555","2027-03-15T00:00:00.000","41.8927105846","-87.6201306584"
"63160","529","SP PLUS LLC","STANDARD PARKING","1200 S INDIANA AVE 3 & 4","Commercial Garage","2683894","2027-03-15T00:00:00.000","41.8673978764","-87.6227005116"
"63160","402","SP PLUS LLC","STANDARD PARKING","3130 N SHEFFIELD AVE","Commercial Garage","2078711","2027-03-15T00:00:00.000","41.9390494533","-87.6542234367"
"63160","438","SP PLUS LLC","STANDARD PARKING","231 S WOOD ST 1","Commercial Garage","2298541","2027-03-15T00:00:00.000","41.8778123628","-87.6715088321"
"63160","264","SP PLUS LLC","STANDARD PARKING","1 S DEARBORN ST","Commercial Garage","1622970","2027-03-15T00:00:00.000","41.8819366747","-87.6292534799"
"63160","573","SP PLUS LLC","STANDARD PARKING","1852 W 19TH ST","Commercial Garage","2797818","2027-03-15T00:00:00.000","41.855983531","-87.6731485116"
"63160","291","SP PLUS LLC","SP PLUS CORPORATION","505 N MICHIGAN AVE GROUND","Commercial Garage","2575086","2027-03-15T00:00:00.000","41.891120593","-87.6239887043"
"63160","238","SP PLUS LLC","STANDARD PARKING","333 W WACKER DR","Commercial Garage","1442477","2027-03-15T00:00:00.000","41.8860254125","-87.6362977032"
"378615","8","LEGACY PARKING COMPANY, LLC","LEGACY PARKING COMPANY, LLC","500 W MONROE ST 1-13","Commercial Garage","2492517","2027-03-15T00:00:00.000","41.8806992461","-87.6397250266"
"63160","227","SP PLUS LLC","STANDARD PARKING CORPORATION","2233 S DR MARTIN LUTHER KING JR DR","Commercial Garage","1619292","2027-03-15T00:00:00.000","41.8520755745","-87.6188508039"
"378615","21","LEGACY PARKING COMPANY, LLC","LEGACY PARKING","425 S LA SALLE ST LL-3RD","Commercial Garage","2677697","2027-03-15T00:00:00.000","41.8762620048","-87.631603723"
"63160","61","SP PLUS LLC","QUAKER TOWER GARAGE","321 N CLARK ST 1ST","Commercial Garage","16160","2027-03-15T00:00:00.000","41.8880873531","-87.6308880745"
"63160","509","SP PLUS LLC","STANDARD PARKING","200 E RANDOLPH ST","Commercial Garage","2578034","2027-03-15T00:00:00.000","41.8846320758","-87.6222479911"
"63160","42","SP PLUS LLC","STANDARD PARKING CORP","2015 W MADISON ST  OUTDO","Commercial Garage","16150","2027-03-15T00:00:00.000","41.8811949822","-87.6772959534"
"63160","568","SP PLUS LLC","STANDARD PARKING","333 S WABASH AVE BELOW GROUND 2 LEVEL","Commercial Garage","2776518","2027-03-15T00:00:00.000","41.8774504046","-87.6259219764"
"378615","9","LEGACY PARKING COMPANY, LLC","LEGACY PARKING COMPANY, LLC","750 N RUSH ST 1-8","Commercial Garage","2658922","2027-03-15T00:00:00.000","41.8964553134","-87.6256451665"
"63160","494","SP PLUS LLC","STANDARD PARKING","1433-1465 W WEBSTER AVE","Commercial Garage","2511934","2027-03-15T00:00:00.000","41.9215028032","-87.6645013222"
"63160","488","SP PLUS LLC","STANDARD PARKING","108-128 N JEFFERSON ST 1ST-3RD FL","Commercial Garage","2575118","2027-03-15T00:00:00.000","41.8834852746","-87.6428543109"
"63160","501","SP PLUS LLC","SP PARKING","1465 W WEBSTER AVE","Commercial Garage","2578373","2027-03-15T00:00:00.000","41.9214944635","-87.665762047"
"63160","547","SP PLUS LLC","STANDARD PARKING","333 N GREEN ST","Commercial Garage","2713531","2027-03-15T00:00:00.000","41.8878081583","-87.6485452214"
"63160","220","SP PLUS LLC","STANDARD PARKING","27 S DAMEN AVE","Commercial Garage","1303566","2027-03-15T00:00:00.000","41.8804499199","-87.6764761783"
"63160","485","SP PLUS LLC","STANDARD PARKING","350 E MONROE DR","Commercial Garage","2488566","2027-03-15T00:00:00.000","41.8810092137","-87.6189391589"
"63160","520","SP PLUS LLC","SP PLUS CORPORATION","1 E SCOTT ST","Commercial Garage","2627638","2027-03-15T00:00:00.000","41.9047461496","-87.6286251676"
"63160","39","SP PLUS LLC","STANDARD PARKING CORPORATION","1814 W WARREN BLVD  OUTDO","Commercial Garage","16144","2027-03-15T00:00:00.000","41.8824096343","-87.6724268013"
"63160","364","SP PLUS LLC","STANDARD PARKING CORPORATION","2328-2350 N CLIFTON AVE","Commercial Garage","1987109","2027-03-15T00:00:00.000","41.9243728537","-87.6573616795"
"63160","207","SP PLUS LLC","STANDARD PARKING","680 N LAKE SHORE DR","Commercial Garage","1271539","2027-03-15T00:00:00.000","41.8947983703","-87.6158666457"
"63160","512","SP PLUS LLC","STANDARD PARKING","801 S FINANCIAL PL","Commercial Garage","2583846","2027-03-15T00:00:00.000","41.8721022966","-87.632797134"
"63160","81","SP PLUS LLC","111 EAST CHESTNUT SELF PARK","111 E CHESTNUT ST  OUTDOOR","Commercial Garage","2575065","2027-03-15T00:00:00.000","41.8982616191","-87.6251646919"
"63160","52","SP PLUS LLC","CHICAGO STADIUM PARKING","1900 W ADAMS ST  OUT","Commercial Garage","16151","2027-03-15T00:00:00.000","41.8788896491","-87.6741947381"
"63160","454","SP PLUS LLC","SP PLUS","845 N STATE ST 1-6","Commercial Garage","2575124","2027-03-15T00:00:00.000","41.8979865853","-87.6280883976"
"378615","20","LEGACY PARKING COMPANY, LLC","LEGACY PARKING","727 W MADISON ST 2-6","Commercial Garage","2665235","2027-03-15T00:00:00.000","41.8816780304","-87.646721187"
"63160","156","SP PLUS LLC","STANDARD PARKING CORP","360 E RANDOLPH ST","Commercial Garage","2575045","2027-03-15T00:00:00.000","41.88462754","-87.6186430717"
"63160","387","SP PLUS LLC","STANDARD PARKING CORPORATION","108 N STATE ST LOWER LEVEL","Commercial Garage","2575082","2027-03-15T00:00:00.000","41.883422637","-87.6280216521"
"63160","109","SP PLUS LLC","STANDARD PARKING","860-880 N LAKE SHORE DR  1","Commercial Garage","2709344","2027-03-15T00:00:00.000","41.8983811242","-87.6182880172"
"63160","225","SP PLUS LLC","MLK SELF PARK","2301 S PRAIRIE AVE","Commercial Garage","1679075","2027-03-15T00:00:00.000","41.851124933","-87.6204714583"
"63160","41","SP PLUS LLC","STANDARD PARKING CORP","1734-1736 W MADISON ST","Commercial Garage","16137","2027-03-15T00:00:00.000","41.8815128762","-87.670697514"
"63160","369","SP PLUS LLC","Standard Parking Corporation","17 E MONROE ST","Commercial Garage","2814034","2027-03-15T00:00:00.000","41.8806645784","-87.6270893644"
"63160","479","SP PLUS LLC","STANDARD PARKING","240 E ILLINOIS ST","Commercial Garage","2492599","2027-03-15T00:00:00.000","41.8910996167","-87.6209676381"
"63160","606","SP PLUS LLC","STANDARD PARKING","363 E WACKER DR L2 & L3","Commercial Garage","2863013","2027-03-15T00:00:00.000","41.8874643966","-87.6178602311"
"63160","224","SP PLUS LLC","MCCORMICK PLACE-LAKESIDE CENTER GARGE","2301 S LAKE SHORE DR","Commercial Garage","1621112","2027-03-15T00:00:00.000","41.8511074802","-87.6128666325"
"63160","385","SP PLUS LLC","STANDARD PARKING/GREENWAY SELF PARK","60 W KINZIE ST 1-11","Commercial Garage","2003193","2027-03-15T00:00:00.000","41.889333215","-87.6302824722"
"63160","476","SP PLUS LLC","SP PLUS","938 W NORTH AVE 1ST","Commercial Garage","2575126","2027-03-15T00:00:00.000","41.9109578829","-87.6526352649"
"63160","552","SP PLUS LLC","STANDARD PARKING","765 W ADAMS ST 2-5","Commercial Garage","2753597","2027-03-15T00:00:00.000","41.879117244","-87.6466071922"
"63160","550","SP PLUS LLC","STANDARAD PARKING","980 N MICHIGAN AVE 1-2","Commercial Garage","2738772","2027-03-15T00:00:00.000","41.9008016495","-87.6242724679"
"63160","498","SP PLUS LLC","CPS CHICAGO PARKING LLC","1101 S HAMILTON AVE 1-6","Commercial Garage","2528099","2027-03-15T00:00:00.000","41.86781446","-87.6801597451"
"378615","26","LEGACY PARKING COMPANY, LLC","LEGACY PARKING","2 N RIVERSIDE PLZ 1ST","Commercial Garage","2684395","2027-03-15T00:00:00.000","41.8819770476","-87.6388758399"
"63160","361","SP PLUS LLC","STANDARD PARKING CORPORATION","720 S MICHIGAN AVE 1ST","Commercial Garage","1965159","2027-03-15T00:00:00.000","41.8727988694","-87.6243378103"
"63160","59","SP PLUS LLC","NORTH HARBOR TOWER GARAGE","175 N HARBOR DR  53","Commercial Garage","2575061","2027-03-15T00:00:00.000","41.885663892","-87.6156250079"
"63160","40","SP PLUS LLC","STANDARD PARKING CORP","1965 W WARREN BLVD","Commercial Garage","16136","2027-03-15T00:00:00.000","41.8821239837","-87.6765375841"
"63160","583","SP PLUS LLC","SP Plus Corporation","850 N LAKE SHORE DR","Commercial Garage","2808465","2027-03-15T00:00:00.000","41.8981058529","-87.6180972157"
"63160","473","SP PLUS LLC","STANDARD PARKING","837 S WABASH AVE 1","Commercial Garage","2463163","2027-03-15T00:00:00.000","41.8713532336","-87.6257794693"
"378615","31","LEGACY PARKING COMPANY, LLC","LEGACY PARKING COMPANY, LLC","401 N STATE ST","Commercial Garage","2753879","2027-03-15T00:00:00.000","41.889265416","-87.6278676579"
"63160","362","SP PLUS LLC","STANDARD PARKING CORPORATION","225 N COLUMBUS DR","Commercial Garage","2575084","2027-03-15T00:00:00.000","41.8863731383","-87.6205430302"
"63160","504","SP PLUS LLC","STANDING PARKING","323 N ADA ST","Commercial Garage","2551453","2027-03-15T00:00:00.000","41.8873686274","-87.6606663197"
"63160","51","SP PLUS LLC","CHICAGO STADIUM PARKING","1735 W MADISON ST  OUTDO","Commercial Garage","2771620","2027-03-15T00:00:00.000","41.881292615","-87.6707642854"
"63160","392","SP PLUS LLC","STANDARD PARKING","230 W NORTH AVE 2-5","Commercial Garage","2042796","2027-03-15T00:00:00.000","41.9112599678","-87.6359875099"
"63160","676","SP PLUS LLC","STANDARD PARKING","222 W ERIE ST 1-4","Commercial Garage","2951866","2027-03-15T00:00:00.000","41.8940869442","-87.6351422334"
"378615","15","LEGACY PARKING COMPANY, LLC","LEGACY PARKING","345 E OHIO ST","Commercial Garage","2578739","2027-03-15T00:00:00.000","41.8925183008","-87.6185024269"
"63160","95","SP PLUS LLC","COLUMBUS MEDICAL PAVILION PARK","2515 N CLARK ST 1ST","Commercial Garage","16224","2027-03-15T00:00:00.000","41.9282713467","-87.641916572"
"63160","285","SP PLUS LLC","STANDARD PARKING CORPORATION","520 N KINGSBURY ST","Commercial Garage","1845818","2027-03-15T00:00:00.000","41.8912307869","-87.6398459931"
"63160","164","SP PLUS LLC","STANDARD PARKING","201 W MADISON ST 1ST","Commercial Garage","1960197","2027-03-15T00:00:00.000","41.8818354659","-87.6338973886"
"63160","290","SP PLUS LLC","STANDARD PARKING FACILITY","640 W WASHINGTON BLVD","Commercial Garage","2458237","2027-03-15T00:00:00.000","41.883274864","-87.6442191006"
"63160","514","SP PLUS LLC","STANDARD PARKING","111 W WACKER DR 12 FL","Commercial Garage","2595111","2027-03-15T00:00:00.000","41.886706842","-87.6314079587"
"63160","587","SP PLUS LLC","STANDARD PARKING","320 S CANAL ST","Commercial Garage","2840482","2027-03-15T00:00:00.000","41.8773721296","-87.6396922931"
"63160","9","SP PLUS LLC","STANDARD PARKINGNCORP","1130 N DEARBORN ST  INDOOR","Commercial Garage","2575041","2027-03-15T00:00:00.000","41.9028427848","-87.6301003154"
"378615","5","LEGACY PARKING COMPANY, LLC","LEGACY PARKING COMPANY, LLC","221 N LA SALLE ST UNDERGROUND","Commercial Garage","2334607","2027-03-15T00:00:00.000","41.8863085678","-87.6323187597"
"378615","28","LEGACY PARKING COMPANY, LLC","LEGACY PARKING COMPANY, LLC","913-949 W NORTH AVE","Commercial Garage","2703978","2027-03-15T00:00:00.000","41.9107542606","-87.6516529948"
"63160","456","SP PLUS LLC","SP PLUS PARKING","1100 S CANAL ST","Commercial Garage","2578031","2027-03-15T00:00:00.000","41.86888416","-87.6393925403"
"63160","5","SP PLUS LLC","BELMONT HOUSE PARKING","3170 N SHERIDAN RD  1","Commercial Garage","2575039","2027-03-15T00:00:00.000","41.9397836464","-87.6396927655"
"63160","359","SP PLUS LLC","STANDARD PARKING CORPORATION","1565 N CLYBOURN AVE 1&2","Commercial Garage","2641891","2027-03-15T00:00:00.000","41.9099720338","-87.64799533"
"63160","142","SP PLUS LLC","STANDARD PAKING","129 S WOOD ST","Commercial Garage","1120253","2027-03-15T00:00:00.000","41.8791840832","-87.6715457592"
"63160","400","SP PLUS LLC","STANDARD PARKING","353 N DESPLAINES ST 1-4","Commercial Garage","2575104","2027-03-15T00:00:00.000","41.8883656606","-87.6441695346"
"63160","103","SP PLUS LLC","OGDEN PLAZA SELF PARK","300 E NORTH WATER ST  1","Commercial Garage","2977644","2027-03-15T00:00:00.000","41.8896775373","-87.6203536963"
"17291","2","IVY ROSE SERVICES INC","SPECKS PARKING","1013 W ROSCOE ST 1ST","Commercial Garage","50221","2027-02-15T00:00:00.000","41.9434514696","-87.654780758"
"15925","1","SHAHID INCORPORATED","DIVERSEY & ASHLAND SHELL","2801 N ASHLAND AVE # 1ST","Filling Station","40225","2027-02-15T00:00:00.000","41.9324522904","-87.6682489976"
"68638","1","HARBOR HOUSE CONDOMINIUM ASSOCIATION","HARBOR HOUSE CONDOMINIUM ASSOCIATION","3200 N LAKE SHORE DR 1 1","Commercial Garage","2575090","2027-02-15T00:00:00.000","41.9409091633","-87.63936916"
"473016","1","3330 KIMBALL, INC.","KIMBALL BP","3324-3332 N KIMBALL AVE","Filling Station","2771205","2027-02-15T00:00:00.000","41.9418627717","-87.7127287598"
"492167","1","CALIFORNIA GAS & FOOD INC.","SHELL","2801-2813 W FULLERTON AVE","Filling Station","2882160","2027-02-15T00:00:00.000","41.9246969042","-87.6974718423"
"512035","1","ONE PARKING 150 ROOSEVELT, INC.","ONE PARKING 150 ROOSEVELT, INC.","150 W ROOSEVELT RD  L-1-2-3","Commercial Garage","3002215","2027-02-15T00:00:00.000","41.8674527309","-87.6323342366"
"64981","6","COSTCO WHOLESALE CORPORATION","Costco Wholesale # 380","2746 N CLYBOURN AVE","Filling Station","2104560","2027-01-15T00:00:00.000","41.9310210058","-87.6768640181"
"492268","1","PKV OIL INC.","NORTH AVE BP","3138-3150 W NORTH AVE","Filling Station","2882316","2027-01-15T00:00:00.000","41.9102314434","-87.706063138"
"64981","13","COSTCO WHOLESALE CORPORATION","COSTCO WHOLESALE #1107","1430 S ASHLAND AVE 1","Filling Station","2147716","2027-01-15T00:00:00.000","41.8624024249","-87.6664189682"
"512612","1","Parking in Chicago, LLC","Parking in Chicago","800 W KINZIE ST","Commercial Garage","3002299","2027-01-15T00:00:00.000","41.8891590579","-87.6476037546"
"9168","6","SPEEDWAY LLC","SPEEDWAY # 8317","3354 N DAMEN AVE","Filling Station","74266","2026-12-15T00:00:00.000","41.9430499878","-87.6785946169"
"3439","1","DIVISION & WESTERN GARAGE, INC.","ROSCOE WESTERN","3355 N WESTERN AVE","Commercial Garage","5526","2026-12-15T00:00:00.000","41.9429119656","-87.687965461"
"272376","1","SUN SHAWN INC.","MOBIL","2801 N DAMEN AVE","Filling Station","1474464","2026-12-15T00:00:00.000","41.9323310674","-87.6779887286"
"9168","8","SPEEDWAY LLC","SPEEDWAY #8309","2303 S WESTERN AVE","Filling Station","74274","2026-12-15T00:00:00.000","41.8501088555","-87.6854376462"
"410980","1","1100 LAKE SHORE DRIVE CONDOMINIUM ASSOCIATION","1100 LAKE SHORE DRIVE CONDOMINIUM ASSOCIATION","1100 N LAKE SHORE DR 1-4","Commercial Garage","2575157","2026-12-15T00:00:00.000","41.9024619258","-87.6246606008"
"258988","1","3200 INC","SHELL & CORNER MARKET","3200 N KIMBALL AVE","Filling Station","1334112","2026-12-15T00:00:00.000","41.9393196632","-87.7126412851"
"262578","1","JCBK GAS MART INC.","JCBK BP GAS MART INC","3057 N KEDZIE AVE","Filling Station","1354685","2026-12-15T00:00:00.000","41.9373685949","-87.7074270536"
"9168","9","SPEEDWAY LLC","SPEEDWAY #8320","3554 W NORTH AVE","Filling Station","74278","2026-12-15T00:00:00.000","41.9101080822","-87.7163634778"
"394232","1","ROOSEVELT FOOD MART, INC.","BELMONT SHELL","3001 W BELMONT AVE GROUND","Filling Station","2362988","2026-12-15T00:00:00.000","41.9392533447","-87.702785233"
"267436","1","N & P GROUP,INC.","MARATHON","2811 N SACRAMENTO AVE","Filling Station","1404033","2026-12-15T00:00:00.000","41.9324360286","-87.7023854261"
"316188","1","3201 ADDISON, INC.","ADDISON BP","3201 W ADDISON ST 1ST","Filling Station","1817598","2026-12-15T00:00:00.000","41.946520533","-87.7078704486"
"510661","2","PREMIUM PARKING SERVICE, L.L.C.","Premium Parking Service, L.L.C.","730 W LAKE ST","Commercial Garage","2993650","2026-10-15T00:00:00.000","41.8857820945","-87.6470215163"
"324368","1","MALIM INCORPORATED","BP AMOCO","2405 W AUGUSTA BLVD 1ST","Filling Station","1875124","2026-11-15T00:00:00.000","41.8992651595","-87.6872088362"
"266508","1","PETROL CHICAGO #4, INC.","AUGUSTA SHELL","1949 W AUGUSTA BLVD","Filling Station","1382951","2026-11-15T00:00:00.000","41.8994492463","-87.6766672743"
"15826","1","AMOCO & FOOD SHOP #1 INC","corner market","1768 W ARMITAGE AVE 1ST","Filling Station","39496","2026-11-15T00:00:00.000","41.9179607417","-87.6727043698"
"16055","1","DIVISION & NOBLE AMOCO","DIVISION & NOBLE BP","1334 W DIVISION ST 1ST","Filling Station","41099","2026-11-15T00:00:00.000","41.9035352442","-87.6619319996"
"471389","2","PLANET GRANITE CHICAGO, LLC","MOVEMENT LINCOLN PARK","1460 N DAYTON ST","Commercial Garage","2835520","2026-11-15T00:00:00.000","41.9081484889","-87.6495807508"
"392033","1","ROOSEVELT FOODS, INC.","ROOSEVELT WESTERN SHELL","2401 W ROOSEVELT RD 1ST","Filling Station","2348512","2026-11-15T00:00:00.000","41.866501191","-87.686157599"
"306412","1","MOHIL ENTERPRISES, LLC","DIVISION SHELL","1400 W DIVISION ST","Filling Station","1738104","2026-11-15T00:00:00.000","41.9035174399","-87.6626910344"
"255945","1","649 N. ASHLAND AVE GAS AND MINIMART, LLC.","MARATHON","649 N ASHLAND AVE","Filling Station","1304893","2026-11-15T00:00:00.000","41.8938974142","-87.6670793546"
"63151","1","ORESTES GARCIA","North & Elston Bp","1600 N ELSTON AVE 1ST","Filling Station","15975","2026-11-15T00:00:00.000","41.9107069969","-87.6623272446"
"407369","1","G. MICHAEL KENNY & CHRISTOPHER JAMES KENNY","CANAL PARTNERS","230 N CANAL ST","Commercial Garage","2626993","2026-11-15T00:00:00.000","41.8867510321","-87.6400295779"
"63151","2","ORESTES GARCIA","VAN BUREN & ASHLAND AMOCO","1600 W VAN BUREN ST  1","Filling Station","15978","2026-11-15T00:00:00.000","41.8764609273","-87.6667076507"
"309290","1","MM BUSINESS ENTERPRISE INC.","DIVISION MOBIL","2805 W DIVISION ST","Filling Station","1765736","2026-11-15T00:00:00.000","41.9028133298","-87.6971288136"
"296722","1","MOHIL, INC.","Grand shell","505 N ASHLAND AVE","Filling Station","1646225","2026-11-15T00:00:00.000","41.8911400593","-87.6669994733"
"470578","1","ROOSEVELT OPERATIONS, INC.","APPLE MART","1539-1559 W ROOSEVELT RD","Filling Station","2753905","2026-11-15T00:00:00.000","41.8667526748","-87.6655282848"
"257230","1","GAS N GO, INC.","GRAND CITGO/ MR. SUB / DUNKIN DONUTS","1535 W GRAND AVE","Filling Station","1330102","2026-11-15T00:00:00.000","41.890867765","-87.6669797593"
"466346","2","ONE PARKING 722, INC.","ONE PARKING 722, INC.","10-30 S WACKER DR P2","Commercial Garage","2753530","2026-11-15T00:00:00.000","41.8817224568","-87.6371636182"
"509841","1","Fulton Ogden Venture, LLC","Fulton Ogden Venture, LLC","1375 W FULTON ST 2ND-3RD FLOOR","Commercial Garage","2987851","2026-11-15T00:00:00.000","41.886488097","-87.6618130854"
"4594","1","50 EAST HARRISON CORP","50 EAST HARRISON CORP.","50 E HARRISON ST","Commercial Garage","57488","2026-10-15T00:00:00.000","41.8745201634","-87.6259124567"
"299487","24","EXTRA SPACE MANAGEMENT, INC.","EXTRA SPACE STORAGE #1710","2244 S WESTERN AVE","Commercial Garage","2433100","2026-10-15T00:00:00.000","41.8506957998","-87.6857515744"
"299487","44","EXTRA SPACE MANAGEMENT, INC.","EXTRA SPACE STORAGE (#3695)","465 N DESPLAINES ST","Commercial Garage","2957162","2026-10-15T00:00:00.000","41.8910092733","-87.6442158574"
"353500","1","REGAL CINEMAS, INC.","REGAL CINEMAS CITY NORTH","2600 N WESTERN AVE 1ST AND MEZZANINE","Commercial Garage","2036430","2026-10-15T00:00:00.000","41.9286697899","-87.6879222355"
"223095","1","AUDITORIUM PARK ONE, LLC","AUDITORIUM PARK ONE, LLC","65 E CONGRESS PKWY","Commercial Garage","1221747","2026-10-15T00:00:00.000","41.8755944474","-87.6251737606"
"256828","1","SIXTEEN MICHIGAN INVESTMENTS LLC","SIXTEEN MICHIGAN INVESTMENTS LLC","1556 S MICHIGAN AVE","Commercial Garage","1678491","2026-10-15T00:00:00.000","41.8603152732","-87.6241368166"
"299487","32","EXTRA SPACE MANAGEMENT, INC.","EXTRA SPACE STORAGE (#7012)","1030 W NORTH AVE","Commercial Garage","2583951","2026-10-15T00:00:00.000","41.9109316611","-87.6542326487"
"85881","5","DEARBORN HARRISON PARKING CO.","DEARBORN HARRISON PARKING INC.","601-625 S DEARBORN ST","Commercial Garage","57492","2026-10-15T00:00:00.000","41.8744812296","-87.6290628086"
"50504","3","LOOP AUTO PARKS INC","LOOP AUTO PARKS INC","524 S WABASH AVE","Commercial Garage","5549","2026-10-15T00:00:00.000","41.8751452595","-87.6261604406"
"9580","1","PLYMOUTH COURT GARAGE CO.","PLYMOUTH COURT GARAGE CO.","711 S PLYMOUTH CT","Commercial Garage","57480","2026-10-15T00:00:00.000","41.8731152226","-87.6285109585"
"510661","1","PREMIUM PARKING SERVICE, L.L.C.","PREMIUM PARKING SERVICE, L.L.C.","231 S WABASH AVE","Commercial Garage","2992741","2026-10-15T00:00:00.000","41.8787720684","-87.6259519225"
"62544","14","HYATT CORPORATION","HYATT REGENCY CHICAGO(PARKING)","201 E WACKER DR  1","Commercial Garage","1946","2026-09-15T00:00:00.000","41.8879638697","-87.6222777611"
"88868","1","155 HARBOR DRIVE CONDOMINIUM ASSOCIATION","155 HARBOR DRIVE CONDOMINIUM ASSOCIATION","155 N HARBOR DR","Commercial Garage","46112","2026-09-15T00:00:00.000","41.8847505385","-87.6156039565"
"354886","1","THE PRIDE STORES, INC.","PRIDE OF CHICAGO","1221 - 1223 S WABASH AVE 1ST","Filling Station","2043264","2026-09-15T00:00:00.000","41.8668314544","-87.625669609"
"355771","1","OHIO PARKING INC.","OHIO PARKING","220-232 W OHIO ST","Commercial Garage","2055317","2026-09-15T00:00:00.000","41.8924870639","-87.6350151304"
"349928","1","RDK VENTURES LLC","CIRCLE K # 6711","801 - 809 W ADDISON ST 1","Filling Station","2013751","2026-09-15T00:00:00.000","41.9472070912","-87.6495530007"
"373032","1","77 West Wacker Drive, L.L.C.","77 West Wacker Drive, L.L.C.","77 W WACKER DR 40 4050","Commercial Garage","2575170","2026-09-15T00:00:00.000","41.886707738","-87.6307945778"
"349928","4","RDK VENTURES LLC","CIRCLE K #6735","1160 W DIVERSEY PKWY 1","Filling Station","2013765","2026-09-15T00:00:00.000","41.9326744181","-87.6582286885"
"468555","1","One North Wacker LLC","One North Wacker LLC","1 N WACKER DR","Commercial Garage","2738497","2026-09-15T00:00:00.000","41.8819518765","-87.6366203494"
"356099","1","MUTLI-PARK CHICAGO, INC.","MUTLI-PARK CHICAGO, INC.","635-645 S WABASH AVE 1 1","Commercial Garage","2054408","2026-09-15T00:00:00.000","41.8736695857","-87.6258318022"
"349928","3","RDK VENTURES LLC","CIRCLE K #6765","1160 W VAN BUREN ST 1","Filling Station","2013760","2026-09-15T00:00:00.000","41.8766296724","-87.6569748623"
"65465","124","7-ELEVEN, INC.","7-ELEVEN #38585H","560 W GRENSHAW ST","Filling Station","2732604","2026-09-15T00:00:00.000","41.8682901533","-87.6417096878"
"312261","1","MILLENNIUM PARK LIVING, INC.","MILLENNIUM PARK LIVING INC","155 N MICHIGAN AVE","Commercial Garage","1771541","2026-09-15T00:00:00.000","41.8846362492","-87.6243138872"
"454397","1","MADAM, LLC","MADAM, LLC","2016 - 2020 W MADISON ST 1","Commercial Garage","2636361","2026-09-15T00:00:00.000","41.8814140754","-87.6773367657"
"454397","2","MADAM, LLC","MADAM, LLC","2036 - 2044 W MADISON ST 1","Commercial Garage","2636366","2026-09-15T00:00:00.000","41.8814115357","-87.6781691891"
"408596","1","GARFIELD GAS , INC.","FALCON FUEL","43-57 N HOMAN BLVD 1ST","Filling Station","2483315","2026-09-15T00:00:00.000","41.882211292","-87.710898608"
"349928","2","RDK VENTURES LLC","CIRCLE K # 6736","346 - 350 W CHICAGO AVE 1","Filling Station","2013756","2026-09-15T00:00:00.000","41.8966553711","-87.6375075014"
"269271","1","MEDPARK MANAGEMENT INC.","MEDPARK MANAGEMENT INC","2108 W TAYLOR ST","Commercial Garage","2575137","2026-09-15T00:00:00.000","41.8691839956","-87.6785670826"
"486203","1","FULTON FOOD & FUEL, INC.","B.P.","2953-2959 W FULTON ST","Filling Station","2850584","2026-09-15T00:00:00.000","41.8863756326","-87.7010050166"
"62544","12","HYATT CORPORATION","PARKING GARAGE EAST/WEST","151 E WACKER DR  GARAG","Commercial Garage","1944","2026-09-15T00:00:00.000","41.8879998873","-87.6225651326"
"297968","4","MEPT 200 West Madison","TRANSWESTERN","200 W MADISON ST LL","Commercial Garage","2575146","2026-09-15T00:00:00.000","41.88205499","-87.6338999012"
"503532","1","ONE PARKING 100 HURON, INC.","ONE PARKING","100 E HURON ST","Commercial Garage","2944268","2026-09-15T00:00:00.000","41.8950340785","-87.6254043391"
"508759","1","520 CALIFORNIA GAS LLC","520 BP Gas/ Adams Deli Sandwich","520 S CALIFORNIA AVE","Filling Station","2977938","2026-09-15T00:00:00.000","41.8742192232","-87.6962601439"
